<entityStoreData xmlns="http://www.vordel.com/2005/06/24/entityStore">
<entityType xmlns="http://www.vordel.com/2005/06/24/entityStore" abstract="true" extends="Entity" name="RootChild"/>
<entityType xmlns="http://www.vordel.com/2005/06/24/entityStore" extends="RootChild" name="ESConfiguration">
        <constant name="_version" type="integer" value="30"/>
        <!--
            Give this singleton a key.
        -->
        <field isKey="true" name="name" type="string"/>
        <!-- 
            We use this field to verify that the passphrase for the 
            encryped data is synchronized between the server and client, and
            between multiple invocations of the client
        -->
        <field name="passphraseTest" type="encrypted"/>
        <field name="version" type="string"/>
        <!-- The product key should never change for the lifetime of the product -->
        <field name="productKey" type="string"/>
        <field cardinality="?" name="gitrev" type="string"/>
    </entityType>
<entityType xmlns="http://www.vordel.com/2005/06/24/entityStore" abstract="true" extends="RootChild" name="LoadableModule">
        <constant name="_version" type="integer" value="2"/>
        <constant name="loadorder" type="integer" value="1000000"/>
        <field cardinality="?" name="classloader" type="^ClassLoader"/>

        </entityType>
<entityType xmlns="http://www.vordel.com/2005/06/24/entityStore" abstract="true" extends="LoadableModule" name="NamedLoadableModule">
        <constant name="_version" type="integer" value="0"/>
		<field cardinality="1" isKey="true" name="name" type="string"/>
	</entityType>
<entityType xmlns="http://www.vordel.com/2005/06/24/entityStore" extends="NamedLoadableModule" name="Certificates">
        <constant name="_version" type="integer" value="1"/>
		<constant name="class" type="string" value="com.vordel.store.cert.CertStore"/>
        <constant name="loadorder" type="integer" value="150"/>
        <componentType cardinality="*" name="Certificate"/>
	</entityType>
<entityType xmlns="http://www.vordel.com/2005/06/24/entityStore" extends="NamedLoadableModule" name="KeyPairs">
    <constant name="_version" type="integer" value="0"/>
		<constant name="class" type="string" value="com.vordel.store.keypairs.KeyPairs"/>
    <constant name="loadorder" type="integer" value="150"/>
    <componentType cardinality="*" name="KeyPair"/>
	</entityType>
<entityType xmlns="http://www.vordel.com/2005/06/24/entityStore" extends="NamedLoadableModule" name="PGPKeyPairs">
    <constant name="_version" type="integer" value="1"/>
    <constant name="class" type="string" value="com.vordel.store.pgpkeypairs.PGPKeyPairs"/>
    <constant name="loadorder" type="integer" value="600"/>
    <componentType cardinality="*" name="PGPKeyPair"/>
    </entityType>
<entityType xmlns="http://www.vordel.com/2005/06/24/entityStore" extends="Entity" name="Certificate">
        <constant name="_version" type="integer" value="6"/>
	<field isKey="true" name="dname" type="string"/>
	<field cardinality="?" name="issuer" type="^Certificate"/>
	<field cardinality="1" name="content" type="binary"/>

        <!--
		    One of key or keyId should be specified: if
		    "engine" is "RAW" (or absent), then "key"
		    contains the encrypted base64 encoded PKCS8
		    key. Otherwise, keyId specifies an ID for a key
		    as stored on a HSM engine identified by "engine".
		    The meaning and interpretation of keyId is
		    completely at the discretion of the engine: it will
                    be loaded via ENGINE_load_private_key()
        -->

	<field cardinality="?" name="key" type="encrypted"/>
	<field cardinality="?" name="engine" type="string"/>
	<field cardinality="?" name="keyId" type="string"/>

	<!-- conversation in engine to use when asked for input... -->
	<field cardinality="?" name="conversation" type="string"/>
	
	<field cardinality="?" name="certificateRealm" type="string"/>
	<field cardinality="1" default="LOCAL" name="storeType" type="string"/>

    </entityType>
<entityType xmlns="http://www.vordel.com/2005/06/24/entityStore" extends="Entity" name="KeyPair">
    <constant name="_version" type="integer" value="0"/>
		<field isKey="true" name="alias" type="string"/>
    <field cardinality="?" default="RSA" name="algorithm" type="string"/>
		<field cardinality="?" name="publicKey" type="binary"/>
		<field cardinality="?" name="privateKey" type="encrypted"/>
	</entityType>
<entityType xmlns="http://www.vordel.com/2005/06/24/entityStore" extends="Entity" name="PGPKeyPair">
        <constant name="_version" type="integer" value="0"/>
        <field isKey="true" name="alias" type="string"/>
        <field cardinality="?" name="publicKey" type="binary"/>
        <field cardinality="?" name="privateKey" type="encrypted"/>
    </entityType>
<entityType xmlns="http://www.vordel.com/2005/06/24/entityStore" extends="Entity" name="Root">
  <componentType cardinality="*" name="RootChild"/>
  <field isKey="true" name="name" type="string"/>

  <!-- Used by the FileStore implementation, records the last time the store was written -->
  <field name="lastModificationTime" type="utctime"/>

  <!-- Used by the in-memory ad filestore implementations, records the next integer to use as a PK -->
  <field name="pkInc" type="integer"/>

  <!-- 
          Provide a user-extensible means to tag an individual store, that won't interfere with federated store 
      composition. If it's done in the root node, then there are no synchronization issues across stores in the
      federated context, as each store naturally has full control of its root node, with only the Primary Store's
      root being visible via the federated view.

          Provide a pair of multivalued string fields. It is up to the user to ensure that the contents are
      synchronized. One string list acts as the key, with the entry in the corresponding list at the same index giving
      the value for that key, e.g.
      
          tagName[0] = 'gitrev'
          tagName[0] = 'e39a0a77b92c5b82e5a662a7de0b33daeadfb170'
          
      equates to the mapping 'gitrev' -> 'e39a0a77b92c5b82e5a662a7de0b33daeadfb170'
  -->
  <field cardinality="*" name="tagName" type="string"/>
  <field cardinality="*" name="tagValue" type="string"/>
</entityType>
<entity xmlns="http://www.vordel.com/2005/06/24/entityStore"  xmlns:xsi="http://www.w3.org/2001/XMLSchema-instance" type="Root" entityPK="0">
	<fval name="name"><value>System Components</value></fval>
	<fval name="tagName"><value>gitrev</value></fval>
	<fval name="tagValue"><value>24727b2354117cb6453a54ea8a875e0cfde78b40</value></fval>
</entity>
<entity xmlns="http://www.vordel.com/2005/06/24/entityStore"  xmlns:xsi="http://www.w3.org/2001/XMLSchema-instance" type="ESConfiguration" entityPK="-6054655938218458983" parentPK="0">
	<fval name="name"><value>Entity Store Configuration</value></fval>
	<fval name="passphraseTest"><value>aHR0cDsvL3d3dy52b3JkZWwuY29t</value></fval>
	<fval name="productKey"><value>VordelReporter</value></fval>
	<fval name="version"><value>7.7.0</value></fval>
</entity>
<entity xmlns="http://www.vordel.com/2005/06/24/entityStore"  xmlns:xsi="http://www.w3.org/2001/XMLSchema-instance" type="KeyPairs" entityPK="-5263944431284732821" parentPK="0">
	<fval name="name"><value>Key Pairs</value></fval>
</entity>
<entity xmlns="http://www.vordel.com/2005/06/24/entityStore"  xmlns:xsi="http://www.w3.org/2001/XMLSchema-instance" type="PGPKeyPairs" entityPK="-2906247368873016028" parentPK="0">
	<fval name="name"><value>PGP Key Pairs</value></fval>
</entity>
<entity xmlns="http://www.vordel.com/2005/06/24/entityStore"  xmlns:xsi="http://www.w3.org/2001/XMLSchema-instance" type="Certificates" entityPK="-1040935429163978414" parentPK="0">
	<fval name="name"><value>Certificate Store</value></fval>
</entity>
<entity xmlns="http://www.vordel.com/2005/06/24/entityStore"  xmlns:xsi="http://www.w3.org/2001/XMLSchema-instance" type="Certificate" entityPK="-3904613904736976966" parentPK="-1040935429163978414">
	<fval name="content"><value>MIICtjCCAZ4CBgE9RZO/rjANBgkqhkiG9w0BAQUFADAaMRgwFgYDVQQDEw9TYW1wbGVzIFRlc3Qg&#xA;Q0EwHhcNMTMwMzA3MTU1ODAwWhcNMzcwMTEwMTA1NjAwWjAjMSEwHwYDVQQDExhTYW1wbGVzIFRl&#xA;c3QgQ2VydGlmaWNhdGUwggEiMA0GCSqGSIb3DQEBAQUAA4IBDwAwggEKAoIBAQClSoXx8QPLrHMS&#xA;Ff/5m3uLrDhxHycPYkamDCouu89mSKhD7aEZy3QS0mvZHvY2N1TmuQcdTuOgSE5qyT20mBEUVBnU&#xA;1y4WLQqM5fKu0TmIAajtYWTOdTnSuwR3f9W4poSwRMDNkUb8gPiXZNHZiyzriRMus29ER61eYAdr&#xA;XFlv5emXqi2ZK2bpBdtO6Q641TM9kUWB4ZyMqkGtRys9m2hNaXVR8e7r2WUrA9LEx3bRpku/OodI&#xA;GS6Qy0C2vueHDrdLYhYGKfNIllagEXY+dBQI8t2qH7rXBmr16lYyKK8VYJqeud9/NCAxD78vzOLY&#xA;0q6WaisVCa6FE/KpgpNF8sbZAgMBAAEwDQYJKoZIhvcNAQEFBQADggEBAH3W3yCTSORmIq5uhNTC&#xA;Zvd6wPz+zNXT19GqKgeDgjYMJj/Bl8czRO9YZo5MslwHILLgDVdz+ux4nSS3mCZ+PQGO42p/6o6n&#xA;IQ31yGzfYjTZ/1+1//CWyVtEhuSv5oFE+Le5mvkf1kNUrW4//qOXtfwXy/Hq09E9eaXlnBxUTHls&#xA;cQkpfQW5bi5Go7FDUNpW5EXUgXrQ96qKWMMK7i1hm7r5o6TldxCq5ANlPo/sObFNooQDkBWSKJ5t&#xA;GTtPiXO8kqYWdNBvnSRDk1Qqsn6fdFz485WB0e0pqWg2SuZa1026gIqtQPekJDQzTm0qvAnh/Aoh&#xA;oKs1dNQxruBf+MFLisw=</value></fval>
	<fval name="dname"><value>Samples Test Certificate</value></fval>
	<fval name="issuer"><value contentType="reference">-1</value></fval>
	<fval name="key"><value>MIIEvwIBADANBgkqhkiG9w0BAQEFAASCBKkwggSlAgEAAoIBAQClSoXx8QPLrHMSFf/5m3uLrDhx&#xA;HycPYkamDCouu89mSKhD7aEZy3QS0mvZHvY2N1TmuQcdTuOgSE5qyT20mBEUVBnU1y4WLQqM5fKu&#xA;0TmIAajtYWTOdTnSuwR3f9W4poSwRMDNkUb8gPiXZNHZiyzriRMus29ER61eYAdrXFlv5emXqi2Z&#xA;K2bpBdtO6Q641TM9kUWB4ZyMqkGtRys9m2hNaXVR8e7r2WUrA9LEx3bRpku/OodIGS6Qy0C2vueH&#xA;DrdLYhYGKfNIllagEXY+dBQI8t2qH7rXBmr16lYyKK8VYJqeud9/NCAxD78vzOLY0q6WaisVCa6F&#xA;E/KpgpNF8sbZAgMBAAECggEBAIp9HCkQZLu7q1YV9LiwGx11mHy/OzzafJMXUiiB1029xq3TZc10&#xA;97Xlc9Mg6+2VAp+lm15lALcEnh8+qWKsnnLH3DTGbajK6DIRX/o09t0LdvwdRBbvhRkY9K8i/nCN&#xA;pFMD5/7UoANkE+TU5jY9M8/Ms7PHR4yP+aQ/FThQ0ea8A1CjKnU4M+fPwATxkbvHVcrlm34gOeG1&#xA;FCDtKcjh7GOoGgf7Kdm8sVSIBRcMKW0z7tCi3bFhc+han0yGuIdlQwLk01/rzTZryIsELDQWsoFU&#xA;YHQf9IUqF/+M13Wn4nkbbfESm2XmxSX5Qb/mH7p8jLgerZYRhFKU3vRVtR2CVJkCgYEA4wKzOva3&#xA;2Ua9WJlMbvA0VvTjmxMfXLaTKyraAQajaFvfl1RQad2K0pljL1ean5Cd6Wxy4DGT9yewa+0GFkab&#xA;TPPjExFMvFligK9V+yEhpr8e8XtGs/vSeWuCPCPdQZqdNKh4a1oyuQ01GLMQ3tstMQ26f0yA0o1l&#xA;9UX+WFXtdt8CgYEAumYgTjULs+ampmZY8eM8LZwbK0l9nN/8+J/6hMqOT8o0xkwUl6KW6klgSvYd&#xA;tIh6mRLCqaHi1hMYNA8Oxg18JB6P+wlhq8bZ9CztUFoTQtDb4vfcNBCXXRbfwaY86xoUXbUhwg5y&#xA;9/P7Iz3cZpourIQl57d+bswtDgu0v1QOEUcCgYAIKvKz7miTAr6RT4K2gyH+9vSxgbChL1iANxx8&#xA;6PY8LQIQedIi3Pu/tBEjhO1lTFjCK0q+0knWnLD2USLk7klsLWJAL2EpbbXjl2tqi7igPUQpwBu9&#xA;IhRilgGrlEbDs4JwgJdElYw5qEX+y4KR4iTwHORW7DO+X6QJfSk3mG/g1QKBgQCXZI1GmAT6SBMA&#xA;wc3qIMLm1IyomtcATFid4unJYu81VSmKCY8MHc1vWstv9vfngpX4r+kVd9vSPc4Bsl0wdRFoEL6m&#xA;iVcf+rFZhgf1pENSmGqPrPrX+sXFoOd51DhUR2lVNuHFSJEOXMaUOBFD8GSKUAatbjatbP4HE3Dp&#xA;mS6XzwKBgQDbpg7/aS/QbWRXeaAeqZp/7whEZImk/1G10umZYClOLdNJrtXzRiAnfdiiBEk+0y0j&#xA;kabhYdLvI8SprzvhPBGKmGbuSsObmmfUzXxA8s2SHS6d4m7vizRdN9l/lGpSk39u1MYYiTu2Oi2b&#xA;nsIpMnAvq50IcQRdzoMhOgXJMY/xZA==</value></fval>
	<fval name="storeType"><value>LOCAL</value></fval>
</entity>
<entity xmlns="http://www.vordel.com/2005/06/24/entityStore"  xmlns:xsi="http://www.w3.org/2001/XMLSchema-instance" type="Certificate" entityPK="-2275409655032929730" parentPK="-1040935429163978414">
	<fval name="content"><value>MIICrTCCAZUCBgE9RY7XxjANBgkqhkiG9w0BAQUFADAaMRgwFgYDVQQDEw9TYW1wbGVzIFRlc3Qg&#xA;Q0EwHhcNMTMwMzA3MTU1MzAwWhcNMzcwMTEwMTA1NjAwWjAaMRgwFgYDVQQDEw9TYW1wbGVzIFRl&#xA;c3QgQ0EwggEiMA0GCSqGSIb3DQEBAQUAA4IBDwAwggEKAoIBAQDLd+Zv/rC6Wf/FAGc6YM8APIZD&#xA;MgEtJjOWKJiOajzI22GFsUcU3XYfV8oayI12j67IMVaD1RU+o+u6D+Y7tPj60/kvqORAjpnad7OS&#xA;0zs59KMDvfXghM3EkN8/mDxb11yK19VMJvk2ZMcpRn/6/gCFbpa6Nj8OpF7oLCRhbcue1R+JiSLF&#xA;R9zbJzxfkgkQ9Q256+ZMlOgYdrqpytTltYPOrKD3vKR9DiOTc/KC5kCZFmkgDJz5AQTpTtvZCXJW&#xA;aro+PbAqbyc//ABTTrhTIBkyB+aFM49hg/Ej90KitvxI/Nu4lzT2XiDd9wqiTzElYM+Q0UMk0BFd&#xA;vnckh1sLYHe3AgMBAAEwDQYJKoZIhvcNAQEFBQADggEBAECtUaJVPApyeJrxqb3j49QbtL3rhusQ&#xA;ae70epkkU0XFu+8NuYoz4pVs5Mj9g0HPXXvRvgJAQzCzQ34XVFZGB18IjOkoyu0RodTadGi7fAH5&#xA;0B/SEteGRhYV1JzE+IKxG3n6nTrrHgINL8+QL4eHiozEKfJ/vWqw1j2Zc/47vcalGYYqTJyrSmJy&#xA;pX6tVTYRbArvwaU+LzYLjEJkWgfZc09eO8JiA1ZwE4ud5o9Tpbj5IdUQkoLyPTxtU0a6A2PMAs4j&#xA;MTnD3Mh2YRB4gGCAPDN+Xl999ls2KCoVdLjXIhOD2YwWXGmv3vaAUyc32wwcro69/wXvj41tFIez&#xA;w98SGM8=</value></fval>
	<fval name="dname"><value>Samples Test CA</value></fval>
	<fval name="issuer"><value contentType="reference">-1</value></fval>
	<fval name="key"><value>MIIEvgIBADANBgkqhkiG9w0BAQEFAASCBKgwggSkAgEAAoIBAQDLd+Zv/rC6Wf/FAGc6YM8APIZD&#xA;MgEtJjOWKJiOajzI22GFsUcU3XYfV8oayI12j67IMVaD1RU+o+u6D+Y7tPj60/kvqORAjpnad7OS&#xA;0zs59KMDvfXghM3EkN8/mDxb11yK19VMJvk2ZMcpRn/6/gCFbpa6Nj8OpF7oLCRhbcue1R+JiSLF&#xA;R9zbJzxfkgkQ9Q256+ZMlOgYdrqpytTltYPOrKD3vKR9DiOTc/KC5kCZFmkgDJz5AQTpTtvZCXJW&#xA;aro+PbAqbyc//ABTTrhTIBkyB+aFM49hg/Ej90KitvxI/Nu4lzT2XiDd9wqiTzElYM+Q0UMk0BFd&#xA;vnckh1sLYHe3AgMBAAECggEABK9VEf0WSqQp3Hpe5hw2h/XczY1IM6buhyWWJalSjvlmLHLhhRx4&#xA;TM5zq9w0TaePSbLBIDX20ENr+RPGpFdNaFEbKrrDzqy55CrfaqEMexAj9MEZ+Tp1lnITgd5afW7f&#xA;BZ9knOVE1bjKUSv7ZGcW0fuy4sS+/PJR8RybFdc2WgjZt0kw8L9fUsmq/M4ye00DVOoI/eTGjfky&#xA;ooVtUAJJXYI1FMvUuyC43qJuOMpfme3xY79AOQpXBvTamG/xpr7/MX5Q4yxu5GEo7eLk91xwSKFG&#xA;OYgC33SLgxOIRecLxgxZp72g4GZqGLzcjmTDxpMgS32RzbRtqDNCp5Twjvw0aQKBgQDmzo6WAMa9&#xA;jCbEtXsqCQ4CkCYbMJp3d9Jxzk6R2kjwMRQLDL+P+YkIMd/tntrd3DS2vbdbzlGxFkDROhpV+T+T&#xA;iYlqFkY60cUaeGBWyWTWkKksrLfsJz4M5/seflYX4L9H5vjDChybzpaViTUHof1xB6f44fheeW82&#xA;sV7v+UQQ9QKBgQDhrWwtGJjccJgAfZwqnBd0snKDBUjpSlUgBQnyYzNXbM9IN9q4vaHymt5Zgg5f&#xA;do4Bfjdmx4O3W6RtIysmw92hyad8SIbl2JNN15FwQQ2ZpgaIgsUyVQGywtkiXzFGnir3YyEjtb/S&#xA;5y1X4Au2mnof1K2Q9UYUKeEsoLFNDj/KewKBgQCddz8AR/dPSlcIzWgB/bt5NC9LTZWU/EKvMjmY&#xA;eHxaoqEyCLiI2Y4L8Tr9OuvHgXzVUAnQsKo7TxtZo3JkRXCCj8sYfancZ1E6BfZ0P2J0oK1KtWul&#xA;ygAjfgFthHPoRoU54PLG3hc2lXNXAg0T8AihHMAUpNZ2XhLqFYjX4A/4IQKBgQCldRF3qq4ACKjY&#xA;yz8g2lo0G9TrDIfdSrtIg4k8ZdCxizwZ1aGNirLefP8CHuFMyk3o+FHEEAkY+J5/yaYMgNPQl1kt&#xA;PLtybqvpCWA/LeK7wMbPdRkBAuQA3Ox3T9V/0dzsjYgxd0JRbV6IK+JKmc1p4vLx8XHUvLOzlYkI&#xA;VqccWwKBgByv6gva+WWT5H7CZCicURkLdkRx0RGJjZKW5m7uwWPLAkb5zVozsCSGhNZDX3xuPzqx&#xA;z+m92RPtpagPgowuDomFodteFZOsSjCkvbiwx7JGEsvwEraMwxYGPg3sEpVa+bS/4Ptpj8llGMpN&#xA;NWjvpIPxQaBeo3FHRDPFjvc7qjUP</value></fval>
	<fval name="storeType"><value>LOCAL</value></fval>
</entity>
<entity xmlns="http://www.vordel.com/2005/06/24/entityStore"  xmlns:xsi="http://www.w3.org/2001/XMLSchema-instance" type="Certificate" entityPK="4322648135436291690" parentPK="-1040935429163978414">
	<fval name="certificateRealm"><value></value></fval>
	<fval name="content"><value>MIIEPzCCAyegAwIBAgIJAOQl4D8cmJ35MA0GCSqGSIb3DQEBCwUAMIG1MQswCQYDVQQGEwJJRDEQ&#xD;&#xA;MA4GA1UECAwHSmFrYXJ0YTEQMA4GA1UEBwwHSmFrYXJ0YTEmMCQGA1UECgwdUFQgQmFuayBEYW5h&#xD;&#xA;bW9uIEluZG9uZXNpYSBUYmsxFjAUBgNVBAsMDUlUIE1pZGRsZXdhcmUxFjAUBgNVBAMMDUJTRC1Q&#xD;&#xA;UkQtQVBJQU4xKjAoBgkqhkiG9w0BCQEWG3l1c3VmLnByYXRhbWFAZGFuYW1vbi5jby5pZDAeFw0x&#xD;&#xA;NzA5MjAwODIwMDlaFw0yNzA5MTgwODIwMDlaMIG1MQswCQYDVQQGEwJJRDEQMA4GA1UECAwHSmFr&#xD;&#xA;YXJ0YTEQMA4GA1UEBwwHSmFrYXJ0YTEmMCQGA1UECgwdUFQgQmFuayBEYW5hbW9uIEluZG9uZXNp&#xD;&#xA;YSBUYmsxFjAUBgNVBAsMDUlUIE1pZGRsZXdhcmUxFjAUBgNVBAMMDUJTRC1QUkQtQVBJQU4xKjAo&#xD;&#xA;BgkqhkiG9w0BCQEWG3l1c3VmLnByYXRhbWFAZGFuYW1vbi5jby5pZDCCASIwDQYJKoZIhvcNAQEB&#xD;&#xA;BQADggEPADCCAQoCggEBAKa8aaCWUaCJH1UeWfiEs71WvZfxfA1lT9mDg/SzWGr7nzh5+k2ahxVu&#xD;&#xA;Ad0lGGHsIkhSAnSFCvU91G4yZuGLOQgGU4Of3Q2Mgm16wOr1LjW2GG6qcGk1NfY6BtciHVqcegy4&#xD;&#xA;g6oHawiY+0a/oIA/ZnRFVqpLPPqmwdIm26ms7rywOvyyzzHFl4NyxgUv8OiOq68urKTaADPzDcnl&#xD;&#xA;9XX45OSf1cYQk7aYfNG/hJIhPehoWvoD+nweSqtLaJ/pFlJbx1bz9VZaWHGi10wbaQXZATwCB9wF&#xD;&#xA;hrgldCY0pR41PuZoopGTfy+zIox4Pkq/F3KpH+E7SfgQ8XqFd5qyerjVbQ0CAwEAAaNQME4wHQYD&#xD;&#xA;VR0OBBYEFLOjC4C3WPIYQsJ0E94ltEAVwDjHMB8GA1UdIwQYMBaAFLOjC4C3WPIYQsJ0E94ltEAV&#xD;&#xA;wDjHMAwGA1UdEwQFMAMBAf8wDQYJKoZIhvcNAQELBQADggEBAG2RnxB/x1SY0nlx+hvMfG3bbXbs&#xD;&#xA;YuXx9bf0LoozirjugWJrg+hO1MtMFHh+Hw2LhJKHJsQgHCYBxLduoOiVaIiZ0G3qP3xoxxT72yRI&#xD;&#xA;Bvt2UbZO+2kf1eMYzoO/ZbUNXO3CfAltAFfr4t9Uepql4ms6ICQ41ZYTvZiCAmHe1mY2rmgoemxN&#xD;&#xA;VY8vkK8h1XfBP38U0g14xrEx+kUXbqWNJpjm/Y9ofj1/8K8nLl0JxgFgzMWA9DhkqgFU9xRXNKJb&#xD;&#xA;/BHG9jf964hy9lYpsySohhD0FjiG16tXKNeXCT1bZ1tQ/j0SQaRs84VxIarEvg+NhlrpN6YoL7Wx&#xD;&#xA;RaMag8APaBE=</value></fval>
	<fval name="dname"><value>CN=BSD-PRD-APIAN,OU=IT Middleware,O=PT Bank Danamon Indonesia Tbk,L=Jakarta,ST=Jakarta,C=ID</value></fval>
	<fval name="engine"><value></value></fval>
	<fval name="issuer"><value contentType="reference">-1</value></fval>
	<fval name="key"><value>MIIEvgIBADANBgkqhkiG9w0BAQEFAASCBKgwggSkAgEAAoIBAQCmvGmgllGgiR9VHln4hLO9Vr2X&#xD;&#xA;8XwNZU/Zg4P0s1hq+584efpNmocVbgHdJRhh7CJIUgJ0hQr1PdRuMmbhizkIBlODn90NjIJtesDq&#xD;&#xA;9S41thhuqnBpNTX2OgbXIh1anHoMuIOqB2sImPtGv6CAP2Z0RVaqSzz6psHSJtuprO68sDr8ss8x&#xD;&#xA;xZeDcsYFL/DojquvLqyk2gAz8w3J5fV1+OTkn9XGEJO2mHzRv4SSIT3oaFr6A/p8HkqrS2if6RZS&#xD;&#xA;W8dW8/VWWlhxotdMG2kF2QE8AgfcBYa4JXQmNKUeNT7maKKRk38vsyKMeD5KvxdyqR/hO0n4EPF6&#xD;&#xA;hXeasnq41W0NAgMBAAECggEAWK5zm8b3qWPlN1eKUOT72GOPOYZmDZXqD22kvHy7NUOZnuc5mxbq&#xD;&#xA;bBpzgVSekE6QuVhtF94/Qsrc9rN2BtYOwlbjCmn3n6IxKNuWSiGXr1enzQx3920mw0x/oOLzK+N4&#xD;&#xA;AtYMqV2CrzL2yt1XF38hFgxfGPold8dD5Wtnf+qLm+1fTq3hEBs1d10kK2T2u8T5XKhHw9xECgXG&#xD;&#xA;N7Orle6m3Ir5mB+rHvqAwvKoVjUtcgdEJeXYaWuJsJh6XCvprBCypfu+omOr+BPsr0214vIY5RYH&#xD;&#xA;7L6eKd7I8YlnwUzo2WIhRb+WYy5T0HqBsdhdqDfv3QfpUo7ts72pLWc7aYQf/QKBgQDdy4LHkvpH&#xD;&#xA;GJLgy0Qu2sncLBV0C4WT1PQDfViKfKhy8nXAtu+ZS7zwH82M9h8zX7mTvjylIXUWybEJHq0+M8EN&#xD;&#xA;mAVtgFxeHiJZ3z8f79nIZi2RRky58V/JIDgLAk9R4p8lW7n6SwpLBnK77/CEU0XPQhOdC4VLQAZ2&#xD;&#xA;cfuMzie4HwKBgQDAcyrYuiKPY/0QIpCqc4ELOVIEzHIhuLkMH8/SphoGgT9BPdvOz0HBMjXN6raF&#xD;&#xA;t91VGhzKEVQcYsmzM/SCn/MJEukt7vXf2/PKK+H0Mh5N4faXkdjyUR/SE/XZtnQyyI41YHC1LSC1&#xD;&#xA;R0yFF2/yeCHLv75GYws3wDBeqoWdIZ/lUwKBgQDa1W8lpnjWKQLSVPvjFu/QEpbgNnYHVDemMcho&#xD;&#xA;a3JwZ5WTHWvt3nJ+oYJXsIc8UxhxE2QWsZorb7kC/IeGNd4moXXJgrqgCi9uaPyJcEd6mIYhLjGJ&#xD;&#xA;zQPrF6T0B8VnT6giXgxzThLLz4Lot2ahyN+6DMH5U2KiynsV5oSBeu5plQKBgQCoJzjl22V9IqGo&#xD;&#xA;ans64+d6FiCLHtQOkOfnJxigdw/AZUgOymz3+/H5S9TlUlMe7XOP+1vyV0fF8a9JTHk1dWqWoBZs&#xD;&#xA;UyI08mvGV6d7hhsic/DRqNcFi0qhdV1YWGqZQNG448Y3F/I/UsgSdlMTalIlRCmOONZBZUUeQiKz&#xD;&#xA;FAExDwKBgCSVLWz8/aoCe4tmMFV+8wpQrjcOhzb54QZ12iviiCWBBRM9wRDuyyUzu7NIqSeBxZBm&#xD;&#xA;nni8l91UYvH+7QIDnh+ZeIyB3gKd8CxMFHF+cEcs3Y8m0f3OGk5cFSvKKdxu7scWKHksYlHTm31x&#xD;&#xA;v1MUZqVrDxclkQ5qeRgkoKHQts5u</value></fval>
	<fval name="keyId"><value></value></fval>
	<fval name="storeType"><value>LOCAL</value></fval>
</entity>
</entityStoreData>