<configuration activeAssembly='UPGRADED'>
 <storeType name='CertStore'>
  <branch>
   <node>/[Certificates]name=Certificate Store</node>
  </branch>
  <branch>
   <node>/[KeyPairs]name=Key Pairs</node>
  </branch>
 </storeType>
 <storeType name='ExtConnsStore'>
  <branch>
   <node>/[AlertManager]name=Default Alert Configuration</node>
  </branch>
  <branch>
   <node>/[AuthnRepositoryGroup]name=Authentication Repositories</node>
  </branch>
  <branch>
   <node>/[CacheManager]name=Cache Manager</node>
  </branch>
  <branch>
   <node>/[ConnectionSetGroup]name=Connection Sets</node>
  </branch>
  <branch>
   <node>/[DbConnectionGroup]name=Database Connections</node>
  </branch>
  <branch>
   <node>/[ICAPServerGroup]name=ICAP Servers</node>
  </branch>
  <branch>
   <node>/[JMSServiceGroup]name=JMS Services</node>
  </branch>
  <branch>
   <node>/[LdapDirectoryGroup]name=LDAP Directories</node>
  </branch>
  <branch>
   <node>/[NetService]</node>
   <componentType name='RemoteHost'/>
  </branch>
  <branch>
   <node>/[ProxyServerGroup]name=Proxy Servers</node>
  </branch>
  <branch>
   <node>/[SMTPServerGroup]name=SMTP Servers</node>
  </branch>
  <branch>
   <node>/[SyslogServerGroup]name=Syslog Servers</node>
  </branch>
  <branch>
   <node>/[UrlSetGroup]name=URL Sets</node>
  </branch>
  <branch>
   <node>/[XkmsConfigGroup]name=XKMS Servers</node>
  </branch>
 </storeType>
 <storeType name='ListenersStore'>
  <branch>
   <node>/[CORSGroup]name=CORS Profiles</node>
  </branch>
  <branch>
   <node>/[NetService]</node>
   <componentType name='AuditTrailManager'/>
   <componentType name='DirectoryScanner'/>
   <componentType name='FTPScanner'/>
   <componentType name='Interface'/>
   <componentType name='InterfaceInvariant'/>
   <componentType name='JMSSession'/>
   <componentType name='PopClient'/>
   <componentType name='RendezvousListener'/>
   <componentType name='SocketProtocol'/>
  </branch>
  <branch>
   <node>/[WAFProfileGroup]name=Threat Protection Profiles</node>
  </branch>
 </storeType>
 <storeType name='PrimaryStore'>
  <branch>
   <node>/</node>
  </branch>
 </storeType>
 <storeType name='ResourceRepository'>
  <branch>
   <node>/[ResourceRepository]name=Resource Repository</node>
  </branch>
 </storeType>
 <storeType name='UserStore'>
  <branch>
   <node>/[UserStore]name=Default User Store</node>
  </branch>
 </storeType>
 <store id='CertStore-675eb49f-0f77-428b-b4f9-352b171b885d' type='CertStore'>
  <name>Upgraded CertStore Store</name>
  <description>Store generated from upgrade task</description>
  <connectionCredentials>
   <credential name='url'>CertStore-675eb49f-0f77-428b-b4f9-352b171b885d.xml</credential>
  </connectionCredentials>
 </store>
 <store id='ExtConnsStore-642c9227-bab0-43e5-85f9-12c4feaca220' type='ExtConnsStore'>
  <name>Upgraded ExtConnsStore Store</name>
  <description>Store generated from upgrade task</description>
  <connectionCredentials>
   <credential name='url'>ExtConnsStore-642c9227-bab0-43e5-85f9-12c4feaca220.xml</credential>
  </connectionCredentials>
 </store>
 <store id='ListenersStore-a75bc44e-bb2f-418c-93c1-39ccc369d4a4' type='ListenersStore'>
  <name>Upgraded ListenersStore Store</name>
  <description>Store generated from upgrade task</description>
  <connectionCredentials>
   <credential name='url'>ListenersStore-a75bc44e-bb2f-418c-93c1-39ccc369d4a4.xml</credential>
  </connectionCredentials>
 </store>
 <store id='PrimaryStore-1446ada9-fe61-42ed-8886-54ceea2b5721' type='PrimaryStore'>
  <name>Upgraded PrimaryStore Store</name>
  <description>Store generated from upgrade task</description>
  <connectionCredentials>
   <credential name='url'>PrimaryStore-1446ada9-fe61-42ed-8886-54ceea2b5721.xml</credential>
  </connectionCredentials>
 </store>
 <store id='ResourceRepository-ffb30266-46de-4e33-8946-1067581afe27' type='ResourceRepository'>
  <name>Upgraded ResourceRepository Store</name>
  <description>Store generated from upgrade task</description>
  <connectionCredentials>
   <credential name='url'>ResourceRepository-ffb30266-46de-4e33-8946-1067581afe27.xml</credential>
  </connectionCredentials>
 </store>
 <store id='UserStore-152d1ef6-d6c7-4ca0-8ad0-32331b4aeac0' type='UserStore'>
  <name>Upgraded UserStore Store</name>
  <description>Store generated from upgrade task</description>
  <connectionCredentials>
   <credential name='url'>UserStore-152d1ef6-d6c7-4ca0-8ad0-32331b4aeac0.xml</credential>
  </connectionCredentials>
 </store>
 <assembly id='UPGRADED'>
  <name>Upgraded Configuration</name>
  <description>Upgraded Assembly, generated Thu Nov 05 16:51:13 WIB 2020</description>
  <component id='CertStore-675eb49f-0f77-428b-b4f9-352b171b885d'/>
  <component id='ExtConnsStore-642c9227-bab0-43e5-85f9-12c4feaca220'/>
  <component id='ListenersStore-a75bc44e-bb2f-418c-93c1-39ccc369d4a4'/>
  <component id='PrimaryStore-1446ada9-fe61-42ed-8886-54ceea2b5721'/>
  <component id='ResourceRepository-ffb30266-46de-4e33-8946-1067581afe27'/>
  <component id='UserStore-152d1ef6-d6c7-4ca0-8ad0-32331b4aeac0'/>
 </assembly>
</configuration>
