<entityStoreData xmlns="http://www.vordel.com/2005/06/24/entityStore">
<entityType xmlns="http://www.vordel.com/2005/06/24/entityStore" abstract="true" extends="Entity" name="RootChild"/>
<entityType xmlns="http://www.vordel.com/2005/06/24/entityStore" extends="RootChild" name="ESConfiguration">
        <constant name="_version" type="integer" value="30"/>
        <!--
            Give this singleton a key.
        -->
        <field isKey="true" name="name" type="string"/>
        <!-- 
            We use this field to verify that the passphrase for the 
            encryped data is synchronized between the server and client, and
            between multiple invocations of the client
        -->
        <field name="passphraseTest" type="encrypted"/>
        <field name="version" type="string"/>
        <!-- The product key should never change for the lifetime of the product -->
        <field name="productKey" type="string"/>
        <field cardinality="?" name="gitrev" type="string"/>
    </entityType>
<entityType xmlns="http://www.vordel.com/2005/06/24/entityStore" abstract="true" extends="RootChild" name="LoadableModule">
        <constant name="_version" type="integer" value="2"/>
        <constant name="loadorder" type="integer" value="1000000"/>
        <field cardinality="?" name="classloader" type="^ClassLoader"/>

        </entityType>
<entityType xmlns="http://www.vordel.com/2005/06/24/entityStore" abstract="true" extends="LoadableModule" name="NamedLoadableModule">
        <constant name="_version" type="integer" value="0"/>
		<field cardinality="1" isKey="true" name="name" type="string"/>
	</entityType>
<entityType xmlns="http://www.vordel.com/2005/06/24/entityStore" extends="NamedLoadableModule" name="DbConnectionGroup">
		<constant name="class" type="string" value="com.vordel.common.db.DbConnectionCache"/>
        <constant name="_version" type="integer" value="1"/>
        
        <!--  Load order must be greater than JDBCDriverSet (which has a loadorder currently set to 92), as this object connects to databases.
        	  Load Order must also be less than LogManager, RealtimeMonitoring, Reporter, as these use the database connections
        	  cached by this object. -->
        <constant name="loadorder" type="integer" value="93"/>
        
		<componentType cardinality="*" name="DbConnection"/>
	</entityType>
<entityType xmlns="http://www.vordel.com/2005/06/24/entityStore" extends="NamedLoadableModule" name="ProxyServerGroup">
    <constant name="_version" type="integer" value="1"/>
    <constant name="class" type="string" value="com.vordel.circuit.proxy.ProxyServerGroup"/>
    <constant name="loadorder" type="integer" value="500"/>

    <componentType cardinality="*" name="ProxyServer"/>
	</entityType>
<entityType xmlns="http://www.vordel.com/2005/06/24/entityStore" extends="NamedLoadableModule" name="ICAPServerGroup">
        <constant name="_version" type="integer" value="0"/>
        <constant name="class" type="string" value="com.vordel.circuit.icap.ICAPServerGroup"/>
        <constant name="loadorder" type="integer" value="500"/>

        <componentType cardinality="*" name="ICAPServer"/>
    </entityType>
<entityType xmlns="http://www.vordel.com/2005/06/24/entityStore" extends="NamedLoadableModule" name="PassPortClientCache">
		<constant name="class" type="string" value="com.vordel.circuit.passport.PassPortClientCache"/>
        <constant name="_version" type="integer" value="1"/>
		<constant name="loadorder" type="integer" value="510000"/> <!--After PassPortKeyStoreManager -->
	</entityType>
<entityType xmlns="http://www.vordel.com/2005/06/24/entityStore" extends="NamedLoadableModule" name="PassPortKeyStoreManager">
		<constant name="class" type="string" value="com.vordel.circuit.passport.PassPortKeyStoreManager"/>
        <constant name="_version" type="integer" value="1"/>
		<constant name="loadorder" type="integer" value="500000"/> <!--Before PassPortClientCache -->
	</entityType>
<entityType xmlns="http://www.vordel.com/2005/06/24/entityStore" extends="NamedLoadableModule" name="AlertManager">
        <constant name="_version" type="integer" value="1"/>
        <constant name="class" type="string" value="com.vordel.alert.AlertManager"/>
	    <componentType cardinality="*" name="AlertSystem"/>
	</entityType>
<entityType xmlns="http://www.vordel.com/2005/06/24/entityStore" extends="NamedLoadableModule" name="OAuth2StoresGroup"> 
        <constant name="_version" type="integer" value="0"/>
        <constant name="class" type="string" value="com.vordel.circuit.oauth.persistence.OauthLoadableCache"/>

	<!-- Ensuring that DBConnection and CacheManager caches get loaded first -->
        <constant name="loadorder" type="integer" value="319"/>
        <componentType cardinality="*" name="AuthzCodeStoreGroup"/>
        <componentType cardinality="*" name="AccessTokenStoreGroup"/>
        <componentType cardinality="*" name="ClientAccessTokenStoreGroup"/>

        <!-- Persistent file system. Wakeup after the specified number of seconds to check and delete old tokens/codes.  -->
<!--        <field name="tokenStorePurgerSleepTime" type="long" cardinality="1"  default="60" /> -->
	</entityType>
<entityType xmlns="http://www.vordel.com/2005/06/24/entityStore" extends="NamedLoadableModule" name="CacheManager">
            <constant name="_version" type="integer" value="2"/>
            <constant name="class" type="string" value="com.vordel.circuit.cache.CacheContainer"/>
            <constant name="loadorder" type="integer" value="1"/>
            <componentType cardinality="*" name="Cache"/>
        </entityType>
<entityType xmlns="http://www.vordel.com/2005/06/24/entityStore" extends="NamedLoadableModule" name="JMSServiceGroup">
    <constant name="_version" type="integer" value="0"/>
    <constant name="class" type="string" value="com.vordel.dwe.jms.JMSServiceGroup"/>
    <componentType name="JMSService"/>
  </entityType>
<entityType xmlns="http://www.vordel.com/2005/06/24/entityStore" extends="NamedLoadableModule" name="SMTPServerGroup">
    <constant name="_version" type="integer" value="1"/>
    <constant name="class" type="string" value="com.vordel.circuit.smtp.SMTPServerGroup"/>
    <constant name="loadorder" type="integer" value="500"/>
    <componentType cardinality="*" name="SMTPServer"/>
  </entityType>
<entityType xmlns="http://www.vordel.com/2005/06/24/entityStore" extends="NamedLoadableModule" name="SentinelServerGroup">
    <constant name="_version" type="integer" value="0"/>
    <constant name="class" type="string" value="com.vordel.circuit.axway.sentinel.SentinelServers"/>
    <constant name="loadorder" type="integer" value="300"/>
    <componentType cardinality="*" name="SentinelServer"/>
  </entityType>
<entityType xmlns="http://www.vordel.com/2005/06/24/entityStore" abstract="true" extends="LoadableModule" name="NativeModule">
        <constant name="_version" type="integer" value="0"/>
                <constant name="class" type="string" value="com.vordel.dwe.NativeModule"/>
        </entityType>
<entityType xmlns="http://www.vordel.com/2005/06/24/entityStore" extends="NativeModule" name="RemoteHost">
        <constant name="_version" type="integer" value="19"/>
        <constant name="loadorder" type="integer" value="500000"/> <!-- load a bit early -->
        <componentType cardinality="1" name="Watchdog"/>
        <componentType cardinality="1" name="LoadBalanceConfig"/>
        <componentType cardinality="*" name="AddressRank"/>
        <field isKey="true" name="alias" type="string"/>
        <field name="name" type="string"/>
        <field cardinality="1" default="80" name="port" type="string"/>
        <field cardinality="1" default="0" name="allowHTTP11" type="boolean"/>
        <field cardinality="1" default="-1" name="maxConnections" type="integer"/>
        <field cardinality="1" default="30000" name="connectTimeout" type="integer"/>
        <field cardinality="1" default="30000" name="activetimeout" type="integer"/>
        <field cardinality="1" default="240000" name="maxTransTimeout" type="integer"/>
        <field cardinality="1" default="20971520" name="maxInputLen" type="integer"/>
        <field cardinality="1" default="20971520" name="maxOutputLen" type="integer"/>
        <field cardinality="1" default="15000" name="idletimeout" type="integer"/>
        <field cardinality="1" default="8192" name="inputBufSize" type="integer"/>
        <field cardinality="1" default="8192" name="outputBufSize" type="integer"/>
        <field cardinality="1" default="0" name="includeContentLengthRequest" type="boolean"/>
        <field cardinality="1" default="0" name="includeContentLengthResponse" type="boolean"/>
        <field cardinality="1" default="300000" name="addressCacheTime" type="integer"/>
        <field default="32" name="sessionCacheSize" type="integer"/>    
        <field cardinality="1" default="1" name="verifyServerHostname" type="boolean"/>
        <field cardinality="1" default="0" name="offerTlsServerName" type="boolean"/>

        <!--
            The list of content-encodings that we will receive or send
            We cannot distinguish between an empty list, and an absent property,
            so we use the magic single value ".inherit" to mean "derive settings
            from parent context
        -->
        <field cardinality="*" default=".inherit" name="inputEncodings" type="string"/>
        <field cardinality="*" default=".inherit" name="outputEncodings" type="string"/>


        <!-- Indicate if correlation IDs should be sent to this host -->
        <field cardinality="1" default="true" name="exportCorrelationId" type="boolean"/>

    </entityType>
<entityType xmlns="http://www.vordel.com/2005/06/24/entityStore" extends="LoadableModule" name="KerberosConfiguration">
        <constant name="_version" type="integer" value="0"/>
        <constant name="class" type="string" value="com.vordel.circuit.gss.KerberosConfiguration"/>
		<constant name="loadorder" type="integer" value="400"/>        
		<field cardinality="1" default="Kerberos Settings" isKey="true" name="name" type="string"/>
        <field cardinality="?" default="  [libdefaults]&#10; # default_tkt_enctypes is used to specify the encryption types&#10; # to use for the session key in the ticket-granting-ticket.&#10; # It is used by the client to restrict the encryption types&#10; # of session keys that will be used to communicate with the KDC.&#10; # For example:-&#10; # default_tkt_enctypes=des-cbc-md5, des-cbc-crc, rc4-hmac, des3-cbc-sha1, aes128-cts, aes256-cts&#10; &#10; # default_tgs_enctypes is used to specify the encryption types to&#10; # use for the session key in service tickets. It is used by&#10; # the client to restrict the encryption types of session keys&#10; # that are shared by the client and server.&#10; # For example:-&#10; # default_tgs_enctypes=des-cbc-md5, des-cbc-crc, rc4-hmac, des3-cbc-sha1, aes128-cts, aes256-cts&#10; # For WSE 3.0 and WCF integration set default_tgs_enctypes = rc4-hmac&#10; &#10; # permitted_enctypes is used to specify the encryption types&#10; # permitted to be used by a service. It is used by the server&#10; # to restrict the encryption types of session keys that it&#10; # will accept.&#10; # For example:-&#10; # permitted_enctypes=des-cbc-md5, des-cbc-crc, rc4-hmac, des3-cbc-sha1, aes128-cts, aes256-cts&#10; &#10; # Specify the default realm.&#10; # For example:-&#10; # default_realm = MYREALM.COM&#10; &#10; [realms]&#10; &#10; # MYREALM.COM = {&#10; #     kdc = kdchost.myrealm.com&#10; # }&#10; " name="configFile" type="string"/>
        <field cardinality="1" default="0" name="krb5Debug" type="boolean"/>	           
        <field cardinality="1" default="0" name="sun.security.spnego.debug" type="boolean"/>
        <field cardinality="1" default="0" name="sun.security.krb5.debug" type="boolean"/>
        <field cardinality="1" default="0" name="sun.security.jgss.native" type="boolean"/>
        <field cardinality="?" name="sun.security.jgss.lib" type="string"/>
        <field cardinality="1" default="0" name="sun.security.nativegss.debug" type="boolean"/>
        <field cardinality="1" default="1" name="javax.security.auth.useSubjectCredsOnly" type="boolean"/>
    </entityType>
<entityType xmlns="http://www.vordel.com/2005/06/24/entityStore" extends="RootChild" name="CassandraSettings">
        <constant name="_version" type="integer" value="6"/>
        <componentType cardinality="*" name="CassandraServer"/>
        <field isKey="true" name="name" type="string"/>
        <field cardinality="?" default="x${DOMAINID}_${GROUPID}" name="keySpace" type="string"/>
        <field cardinality="?" default="1" name="replication" type="string"/>
        <field cardinality="?" default="org.apache.cassandra.locator.SimpleStrategy" name="replicationStrategy" type="string"/>
        <field cardinality="?" default="" name="username" type="string"/>
        <field cardinality="?" default="" name="password" type="encrypted"/>
        <field cardinality="1" default="false" name="useSSL" type="boolean"/>
        <field cardinality="*" name="sslTrustedCerts" type="^Certificate"/>
        <field cardinality="?" name="sslCipherSuite" type="string"/>
        <field cardinality="?" name="sslCertificate" type="^Certificate"/>
        <field cardinality="?" default="1" name="sslProtocolOptionsMask" type="integer"/>
        <field cardinality="?" default="t${DOMAINID}_${GROUPID}" name="throttlingKeySpace" type="string"/>
        <field cardinality="?" default="1" name="throttlingReplication" type="string"/>
        <field cardinality="?" default="org.apache.cassandra.locator.SimpleStrategy" name="throttlingReplicationStrategy" type="string"/>
        <field cardinality="?" default="ONE" name="throttlingReadConsistencyLevel" type="string"/>
        <field cardinality="?" default="ONE" name="throttlingWriteConsistencyLevel" type="string"/>        
    </entityType>
<entityType xmlns="http://www.vordel.com/2005/06/24/entityStore" abstract="true" extends="RootChild" name="NamedTopLevelGroup">
        <constant name="_version" type="integer" value="0"/>
		<field isKey="true" name="name" type="string"/>
	</entityType>
<entityType xmlns="http://www.vordel.com/2005/06/24/entityStore" extends="NamedTopLevelGroup" name="LdapDirectoryGroup">
        <constant name="_version" type="integer" value="0"/>
		<componentType cardinality="*" name="LdapDirectory"/>
	</entityType>
<entityType xmlns="http://www.vordel.com/2005/06/24/entityStore" extends="NamedTopLevelGroup" name="UrlSetGroup">
        <constant name="_version" type="integer" value="0"/>
		<componentType cardinality="*" name="UrlSetGetAccessGroup"/>
		<componentType cardinality="*" name="UrlSetOcspGroup"/>
		<componentType cardinality="*" name="UrlSetXkmsGroup"/>
		<componentType cardinality="*" name="UrlSetSamlPdpGroup"/>
	</entityType>
<entityType xmlns="http://www.vordel.com/2005/06/24/entityStore" extends="NamedTopLevelGroup" name="ConnectionSetGroup">
        <constant name="_version" type="integer" value="0"/>
		<componentType cardinality="*" name="ConnectionSetClearTrustGroup"/>
	</entityType>
<entityType xmlns="http://www.vordel.com/2005/06/24/entityStore" extends="NamedTopLevelGroup" name="AuthnRepositoryGroup">
        <constant name="_version" type="integer" value="2"/>
    <componentType cardinality="*" name="AuthnRepositoryLocalGroup"/>
    <componentType cardinality="*" name="AuthnRepositoryLdapGroup"/>
    <componentType cardinality="*" name="AuthnRepositoryDbGroup"/>
    <componentType cardinality="*" name="AuthnRepositoryPluginGroup"/>
    <componentType cardinality="*" name="AuthnRepositoryKPSGroup"/>
	<componentType cardinality="*" name="AuthnRepositoryPassPortGroup"/>
  </entityType>
<entityType xmlns="http://www.vordel.com/2005/06/24/entityStore" extends="NamedTopLevelGroup" name="XkmsConfigGroup">
        <constant name="_version" type="integer" value="0"/>
		<componentType cardinality="*" name="XkmsConfig"/>
	</entityType>
<entityType xmlns="http://www.vordel.com/2005/06/24/entityStore" extends="NamedTopLevelGroup" name="SyslogServerGroup">
        <constant name="_version" type="integer" value="0"/>
    <componentType cardinality="*" name="SyslogServer"/>
  </entityType>
<entityType xmlns="http://www.vordel.com/2005/06/24/entityStore" extends="NamedTopLevelGroup" name="AuthProfilesGroup"> 
        <constant name="_version" type="integer" value="0"/>
	<componentType cardinality="*" name="OAuthGroup"/>
	<componentType cardinality="*" name="SAMLGroup"/>
	<componentType cardinality="*" name="ApiKeyGroup"/>
	<componentType cardinality="*" name="BasicAuthGroup"/>
	<componentType cardinality="*" name="KerberosGroup"/> 
	<componentType cardinality="*" name="ApiKeySignerGroup"/> 
    </entityType>
<entityType xmlns="http://www.vordel.com/2005/06/24/entityStore" abstract="true" extends="RootChild" name="Process">
        <constant name="_version" type="integer" value="0"/> <!-- Common features to all processes created by Vordel software. -->
		<field isKey="true" name="name" type="string"/>
	</entityType>
<entityType xmlns="http://www.vordel.com/2005/06/24/entityStore" abstract="true" extends="Process" name="JavaProcess">
        <constant name="_version" type="integer" value="0"/>
    </entityType>
<entityType xmlns="http://www.vordel.com/2005/06/24/entityStore" extends="JavaProcess" name="NetService">
    <constant name="_version" type="integer" value="5"/>
    <!-- Static type-field. -->
    <constant name="executableImage" type="string" value="vshell"/>
    <componentType name="LoadableModule"/>
    <componentType name="ClassLoader"/>
  </entityType>
<entityType xmlns="http://www.vordel.com/2005/06/24/entityStore" extends="Entity" name="CassandraServer">
        <constant name="_version" type="integer" value="3"/>
        <field cardinality="1" isKey="true" name="name" type="string"/>
	<field cardinality="1" default="localhost" name="host" type="string"/>
	<field cardinality="1" default="9042" name="port" type="integer"/>
    </entityType>
<entityType xmlns="http://www.vordel.com/2005/06/24/entityStore" abstract="true" extends="Entity" name="NamedGroup">
        <constant name="_version" type="integer" value="0"/>
		<field isKey="true" name="name" type="string"/>
	</entityType>
<entityType xmlns="http://www.vordel.com/2005/06/24/entityStore" extends="NamedGroup" name="UrlSetOcspGroup">
        <constant name="_version" type="integer" value="0"/>
		<componentType cardinality="*" name="UrlSet"/>
	</entityType>
<entityType xmlns="http://www.vordel.com/2005/06/24/entityStore" extends="NamedGroup" name="UrlSetXkmsGroup">
        <constant name="_version" type="integer" value="0"/>
		<componentType cardinality="*" name="UrlSet"/>
	</entityType>
<entityType xmlns="http://www.vordel.com/2005/06/24/entityStore" abstract="true" extends="NamedGroup" name="AuthnRepositoryBaseGroup">
        <constant name="_version" type="integer" value="0"/>
			<field cardinality="+" name="allowedFilter" type="string"/>  
	</entityType>
<entityType xmlns="http://www.vordel.com/2005/06/24/entityStore" abstract="true" extends="AuthnRepositoryBaseGroup" name="AuthnRepositoryPluginGroup">
        <constant name="_version" type="integer" value="0"/>
    </entityType>
<entityType xmlns="http://www.vordel.com/2005/06/24/entityStore" extends="AuthnRepositoryBaseGroup" name="AuthnRepositoryLocalGroup">
        <constant name="_version" type="integer" value="2"/>
		<constant name="class" type="string" value="com.vordel.security.auth.repository.VordelRepository"/>
        <componentType cardinality="*" name="AuthnRepositoryLocal"/>
	</entityType>
<entityType xmlns="http://www.vordel.com/2005/06/24/entityStore" extends="AuthnRepositoryBaseGroup" name="AuthnRepositoryKPSGroup">
       <constant name="_version" type="integer" value="0"/>
		   <constant name="class" type="string" value="com.vordel.security.auth.repository.KPSRepository"/>
       <componentType cardinality="*" name="AuthnRepositoryKPS"/>
	</entityType>
<entityType xmlns="http://www.vordel.com/2005/06/24/entityStore" extends="AuthnRepositoryBaseGroup" name="AuthnRepositoryLdapGroup">
        <constant name="_version" type="integer" value="2"/>
        <constant name="class" type="string" value="com.vordel.security.auth.repository.LDAPRepository"/>
		<componentType cardinality="*" name="AuthnRepositoryLdap"/>
	</entityType>
<entityType xmlns="http://www.vordel.com/2005/06/24/entityStore" extends="AuthnRepositoryBaseGroup" name="AuthnRepositoryDbGroup">
        <constant name="_version" type="integer" value="2"/>
        <constant name="class" type="string" value="com.vordel.security.auth.repository.DatabaseRepository"/>
		<componentType cardinality="*" name="AuthnRepositoryDb"/>
	</entityType>
<entityType xmlns="http://www.vordel.com/2005/06/24/entityStore" extends="AuthnRepositoryBaseGroup" name="AuthnRepositoryPassPortGroup">
        <constant name="_version" type="integer" value="1"/>
        <constant name="class" type="string" value="com.vordel.security.auth.repository.PassPortRepository"/>
		<componentType cardinality="*" name="AuthnRepositoryPassPort"/>
		
		<field cardinality="1" name="keystorePassword" type="encrypted"/>
		
	</entityType>
<entityType xmlns="http://www.vordel.com/2005/06/24/entityStore" extends="NamedGroup" name="AccessTokenStoreGroup">
        <constant name="_version" type="integer" value="0"/>
		<componentType cardinality="*" name="AccessTokenPersist"/>
	</entityType>
<entityType xmlns="http://www.vordel.com/2005/06/24/entityStore" extends="NamedGroup" name="ClientAccessTokenStoreGroup">
        <constant name="_version" type="integer" value="0"/>
		<componentType cardinality="*" name="ClientAccessTokenPersist"/>
	</entityType>
<entityType xmlns="http://www.vordel.com/2005/06/24/entityStore" extends="NamedGroup" name="AuthzCodeStoreGroup">
        <constant name="_version" type="integer" value="0"/>
	<componentType cardinality="*" name="AuthzCodePersist"/>
	</entityType>
<entityType xmlns="http://www.vordel.com/2005/06/24/entityStore" extends="NamedGroup" name="OAuthGroup">
    <constant name="_version" type="integer" value="0"/>
    <componentType cardinality="*" name="OAuthProviderProfile"/>
  </entityType>
<entityType xmlns="http://www.vordel.com/2005/06/24/entityStore" extends="NamedGroup" name="BasicAuthGroup">
    <constant name="_version" type="integer" value="0"/>
    <componentType cardinality="*" name="BasicProfile"/>
  </entityType>
<entityType xmlns="http://www.vordel.com/2005/06/24/entityStore" extends="NamedGroup" name="KerberosGroup">
    <constant name="_version" type="integer" value="0"/>
    <componentType cardinality="*" name="KerberosProfile"/>
  </entityType>
<entityType xmlns="http://www.vordel.com/2005/06/24/entityStore" extends="NamedGroup" name="ApiKeySignerGroup">
    <constant name="_version" type="integer" value="0"/>
	<componentType cardinality="*" name="ApiKeySigner"/>
  </entityType>
<entityType xmlns="http://www.vordel.com/2005/06/24/entityStore" extends="NamedGroup" name="ApiKeyGroup">
    <constant name="_version" type="integer" value="0"/>
    <componentType cardinality="*" name="ApiKeyProviderProfile"/>
  </entityType>
<entityType xmlns="http://www.vordel.com/2005/06/24/entityStore" extends="NamedGroup" name="SAMLGroup">
    <constant name="_version" type="integer" value="0"/>
  </entityType>
<entityType xmlns="http://www.vordel.com/2005/06/24/entityStore" extends="Entity" name="DbConnection">
    <constant name="_version" type="integer" value="2"/>
    <field isKey="true" name="name" type="string"/>
    <field cardinality="?" name="username" type="string"/>
    <field cardinality="1" default="entered" name="passwordType" type="string"/>
    <field cardinality="?" name="password" type="encrypted"/>
    <field cardinality="?" name="wildcardPassword" type="string"/>
    <field cardinality="1" name="url" type="string"/>
    <field cardinality="1" default="0" name="initialSize" type="integer"/>
    <field cardinality="1" default="8" name="maxActive" type="integer"/>
    <field cardinality="1" default="8" name="maxIdle" type="integer"/>		
    <field cardinality="1" default="0" name="minIdle" type="integer"/>
    <field cardinality="1" default="10000" name="maxWait" type="long"/>				
    <field cardinality="1" default="-1" name="timeBetweenEvictionRunsMillis" type="integer"/>
    <field cardinality="1" default="3" name="numTestsPerEvictionRun" type="integer"/>
    <field cardinality="1" default="1000" name="minEvictableIdleTimeMillis" type="integer"/>
    <field cardinality="1" default="0" name="timezoneAware" type="boolean"/>
    <field cardinality="1" default="0" name="setPoolPreparedStatements" type="boolean"/>
  </entityType>
<entityType xmlns="http://www.vordel.com/2005/06/24/entityStore" extends="Entity" name="LdapDirectory">
        <constant name="_version" type="integer" value="3"/>
		<componentType name="Property"/>
		<field isKey="true" name="name" type="string"/>
		<field cardinality="1" name="url" type="string"/>		
		<field cardinality="?" name="authType" type="string"/>		
		<field cardinality="?" name="userName" type="string"/>		
		<field cardinality="?" name="password" type="encrypted"/>		
		<field cardinality="?" name="authRealm" type="string"/>		
		<field cardinality="?" name="sslEnabled" type="boolean"/> 
		<field cardinality="?" default="-1" name="sslCertificate" type="^Certificate"/>
		<field cardinality="?" default="8" name="cacheSize" type="integer"/> 
		<field cardinality="?" default="300000" name="cacheTimeout" type="integer"/> 
	</entityType>
<entityType xmlns="http://www.vordel.com/2005/06/24/entityStore" extends="Entity" name="ProxyServer">
    <constant name="_version" type="integer" value="1"/>

    <field cardinality="1" isKey="true" name="name" type="string"/>
    <field cardinality="1" name="host" type="string"/>
    <field cardinality="1" name="port" type="string"/>
    <field cardinality="?" name="username" type="string"/>
    <field cardinality="?" name="password" type="encrypted"/>
    <field cardinality="1" default="HTTP" name="scheme" type="string"/>
  </entityType>
<entityType xmlns="http://www.vordel.com/2005/06/24/entityStore" extends="Entity" name="ICAPServer">
      <constant name="_version" type="integer" value="1"/>

      <!-- Optional ICAP headers -->
      <componentType cardinality="*" name="Property"/>

      <field cardinality="1" isKey="true" name="name" type="string"/>

      <!-- Host on which ICAP server is running -->
      <field default="127.0.0.1" name="icapHost" type="string"/>

      <!-- Port on which ICAP server is running -->
      <field default="1344" name="icapPort" type="long"/>

      <!-- ICAP server version -->
      <field default="1.0" name="icapVersion" type="string"/>

      <!-- path on which ICAP server accepts REQMOD requests -->
      <field default="/request" name="icapRequestService" type="string"/>

      <!-- path on which ICAP server accepts RESPMOD requests -->
      <field default="/response" name="icapResponseService" type="string"/>

      <!-- path on which ICAP server accepts OPTIONS requests -->
      <field default="/options" name="icapOptionsService" type="string"/>

      <!-- ICAP Mode. Possible values:
		    "REQMOD" = Request modification mode
		    "RESPMOD" = Response modification mode -->
      <field default="REQMOD" name="icapMode" type="string"/>

     <!-- SSL Settings to secure the ICAP connection -->
     <field cardinality="*" name="caCerts" type="^Certificate"/>
     <field cardinality="*" name="sslUsers" type="^Certificate"/>
     <field default="FIPS:!SSLv3:!aNULL" name="ciphers" type="string"/>
  </entityType>
<entityType xmlns="http://www.vordel.com/2005/06/24/entityStore" extends="Entity" name="UrlSet">
        <constant name="_version" type="integer" value="0"/>
		<componentType cardinality="*" name="UrlSetMember"/>	<!-- May have many url members -->
		<field isKey="true" name="name" type="string"/>
	</entityType>
<entityType xmlns="http://www.vordel.com/2005/06/24/entityStore" abstract="true" extends="Entity" name="UrlSetMemberBase">
        <constant name="_version" type="integer" value="1"/>		
		<field cardinality="?" name="sslCertificate" type="^Certificate"/>				
		<field cardinality="1" name="priority" type="integer"/>	  
		<field cardinality="1" default="60" name="socketTimeout" type="integer"/>	  
	</entityType>
<entityType xmlns="http://www.vordel.com/2005/06/24/entityStore" extends="UrlSetMemberBase" name="UrlSetMember">
        <constant name="_version" type="integer" value="1"/>
		<field cardinality="1" isKey="true" name="URL" type="string"/>
		<field cardinality="1" default="60" name="failTime" type="integer"/>
		<field cardinality="?" name="proxyHost" type="string"/>
		<field cardinality="?" name="proxyPort" type="integer"/>
	</entityType>
<entityType xmlns="http://www.vordel.com/2005/06/24/entityStore" extends="UrlSetMemberBase" name="ConnectionSetMember">
        <constant name="_version" type="integer" value="0"/>
		<field isKey="true" name="server" type="string"/>		
		<field isKey="true" name="port" type="integer"/>	  
		<field cardinality="1" name="connType" type="integer"/>	  
	</entityType>
<entityType xmlns="http://www.vordel.com/2005/06/24/entityStore" extends="Entity" name="ConnectionSet">
        <constant name="_version" type="integer" value="0"/>
		<componentType cardinality="*" name="ConnectionSetMember"/>	<!-- May have many connection members -->
		<field isKey="true" name="name" type="string"/>
	</entityType>
<entityType xmlns="http://www.vordel.com/2005/06/24/entityStore" abstract="true" extends="Entity" name="AuthnRepositoryBase">
        <constant name="_version" type="integer" value="2"/>			
		<field isKey="true" name="name" type="string"/>  
		<field cardinality="?" name="classloader" type="^ClassLoader"/>
	</entityType>
<entityType xmlns="http://www.vordel.com/2005/06/24/entityStore" extends="AuthnRepositoryBase" name="AuthnRepositoryLocal">
        <constant name="_version" type="integer" value="0"/>
		<constant name="class" type="string" value="com.vordel.security.auth.repository.VordelRepository"/>				
		<field cardinality="?" name="authZAttribFormat" type="string"/>  
	</entityType>
<entityType xmlns="http://www.vordel.com/2005/06/24/entityStore" extends="AuthnRepositoryBase" name="AuthnRepositoryKPS">
    <constant name="_version" type="integer" value="0"/>
		<constant name="class" type="string" value="com.vordel.security.auth.repository.KPSRepository"/>				
		<field cardinality="1" name="kpsAlias" type="string"/>  
    <field cardinality="1" name="secretField" type="string"/>  
	</entityType>
<entityType xmlns="http://www.vordel.com/2005/06/24/entityStore" extends="AuthnRepositoryBase" name="AuthnRepositoryLdap">
        <constant name="_version" type="integer" value="4"/>
		<constant name="class" type="string" value="com.vordel.security.auth.repository.LDAPRepository"/>	
		<field cardinality="1" name="ldapDir" type="^LdapDirectory"/>  
		<field cardinality="?" name="searchBase" type="string"/>  
		<field cardinality="?" name="searchClass" type="string"/>  
		<field cardinality="?" name="searchAttrib" type="string"/>  
		<field cardinality="?" name="loginAttrib" type="string"/>  
		<field cardinality="?" name="authzAttribute" type="string"/>  
		<field cardinality="?" name="authZAttribFormat" type="string"/>
                <field cardinality="1" default="0" name="useSearchAttrInBase" type="boolean"/>
		<field cardinality="1" default="0" name="allowBlankPasswords" type="boolean"/>
	</entityType>
<entityType xmlns="http://www.vordel.com/2005/06/24/entityStore" extends="AuthnRepositoryBase" name="AuthnRepositoryDb">
        <constant name="_version" type="integer" value="5"/>
        <constant name="class" type="string" value="com.vordel.security.auth.repository.DatabaseRepository"/>
		<componentType cardinality="1" name="Query"/>				
		<field cardinality="1" name="dbConn" type="^DbConnection"/>
		<field cardinality="1" default="0" name="hashFlag" type="integer"/>  
		<field cardinality="?" name="hashFormat" type="string"/>  
		<field cardinality="1" default="MD5" name="hashAlg" type="string"/>
		<field cardinality="1" default="base64" name="stringConversionMethod" type="string"/>    		
		<field cardinality="?" name="passColmn" type="string"/>  
		<field cardinality="?" name="passType" type="string"/>  
		<field cardinality="?" name="authZColmn" type="string"/>  
		<field cardinality="?" name="authZFormat" type="string"/>  
	</entityType>
<entityType xmlns="http://www.vordel.com/2005/06/24/entityStore" extends="AuthnRepositoryBase" name="AuthnRepositoryPassPort">
        <constant name="_version" type="integer" value="1"/>
        <constant name="class" type="string" value="com.vordel.security.auth.repository.PassPortRepository"/>
		
		<field cardinality="1" name="hostname" type="string"/>
		<field cardinality="1" default="6453" name="securePort" type="integer"/>
		<field cardinality="1" default="6666" name="mutualAuthenticationPort" type="integer"/>
		
		<field cardinality="1" default="Synchrony" name="domain" type="string"/>
		
		<field cardinality="1" name="sharedSecret" type="encrypted"/>
		<field cardinality="1" default="csd.xml" name="csd" type="string"/>
		<field cardinality="1" name="sslCertificate" type="^Certificate"/>
		<field cardinality="1" name="mutualAuthenticationCertificate" type="^Certificate"/>
		
		<field cardinality="1" default="default" name="componentInstance" type="string"/>
  </entityType>
<entityType xmlns="http://www.vordel.com/2005/06/24/entityStore" extends="Entity" name="Query">
        <constant name="_version" type="integer" value="2"/>
        <field isKey="true" name="name" type="string"/>
        <field cardinality="1" name="sqlStatement" type="string"/>
        <field cardinality="1" default="1" name="statementType" type="integer"/>
        <field cardinality="1" default="2" name="resultSetType" type="string"/>
        <field cardinality="1" default="1" name="expectNumRows" type="integer"/>
        <field cardinality="1" default="1" name="order" type="integer"/>
    </entityType>
<entityType xmlns="http://www.vordel.com/2005/06/24/entityStore" extends="Entity" name="AddressRank">
        <constant name="_version" type="integer" value="4"/>
        <field cardinality="1" isKey="true" name="rank" type="integer"/>
        <field cardinality="+" name="addresses" type="string"/>
    </entityType>
<entityType xmlns="http://www.vordel.com/2005/06/24/entityStore" abstract="true" extends="Entity" name="LoadBalanceConfig">
        <constant name="_version" type="integer" value="0"/>
        <field isKey="true" name="name" type="string"/>
    </entityType>
<entityType xmlns="http://www.vordel.com/2005/06/24/entityStore" extends="LoadBalanceConfig" name="RoundRobinLbCfg">
        <constant name="_version" type="integer" value="0"/>
    </entityType>
<entityType xmlns="http://www.vordel.com/2005/06/24/entityStore" extends="LoadBalanceConfig" name="ResponseTimeLbCfg">
        <constant name="_version" type="integer" value="0"/>
        <field cardinality="1" default="10000" name="decayHalfLife" type="integer"/>
    </entityType>
<entityType xmlns="http://www.vordel.com/2005/06/24/entityStore" extends="LoadBalanceConfig" name="ConnectionCountLbCfg">
        <constant name="_version" type="integer" value="0"/>
    </entityType>
<entityType xmlns="http://www.vordel.com/2005/06/24/entityStore" abstract="true" extends="Entity" name="Watchdog">
        <constant name="_version" type="integer" value="0"/>

        <!-- 
        If no other traffic passes to the endpoint within "pollTimeout"
        milliseconds, a spontaneous probe will be sent to the endpoint
        (the nature of which is determined by the subclass implementation
        of the watchdog.
        -->
        <field cardinality="1" default="60000" name="pollTimeout" type="integer"/>

        <!--
        If pollIfOk is set, then the endpoint will have polling requests
        sent to it even when it is considered to be "up". Without this
        enabled, the server will rely on a single client-initiated
        request to cause detection of the endpoint failure
        -->
        <field cardinality="1" default="false" name="pollIfOk" type="boolean"/>

    </entityType>
<entityType xmlns="http://www.vordel.com/2005/06/24/entityStore" extends="Watchdog" name="HTTPWatchdog">
        <constant name="_version" type="integer" value="0"/>

        <!--
            method (default "OPTIONS" can be, GET|POST|PUT, etc)
            The HTTP request method to use. By default, "OPTIONS".

            uri (default "*")
            The URI the method is invoked on.
        -->

        <componentType cardinality="?" name="Interval"/>
        <field cardinality="1" default="OPTIONS" isKey="true" name="method" type="string"/>
        <field cardinality="1" default="*" isKey="true" name="uri" type="string"/>
    </entityType>
<entityType xmlns="http://www.vordel.com/2005/06/24/entityStore" extends="Entity" name="Interval">
        <constant name="_version" type="integer" value="0"/>
        <field cardinality="1" isKey="true" name="start" type="integer"/>
        <field cardinality="1" isKey="true" name="end" type="integer"/>
    </entityType>
<entityType xmlns="http://www.vordel.com/2005/06/24/entityStore" extends="Entity" name="XkmsConfig">
        <constant name="_version" type="integer" value="3"/>
		<field isKey="true" name="name" type="string"/>
		<field cardinality="1" name="URLSet" type="^UrlSet"/>  
        <field cardinality="?" name="signingCert" type="^Certificate"/>			
	</entityType>
<entityType xmlns="http://www.vordel.com/2005/06/24/entityStore" abstract="true" extends="Entity" name="AlertSystem">
        <constant name="_version" type="integer" value="0"/>
		<field isKey="true" name="name" type="string"/>
	</entityType>
<entityType xmlns="http://www.vordel.com/2005/06/24/entityStore" extends="AlertSystem" name="NTAlertSystem">
        <constant name="_version" type="integer" value="0"/>
		<constant name="class" type="string" value="com.vordel.alert.nt.AlertNT"/>
		<field cardinality="?" default="" name="serverUncName" type="string"/>
	</entityType>
<entityType xmlns="http://www.vordel.com/2005/06/24/entityStore" extends="AlertSystem" name="EmailAlertSystem">
    <constant name="_version" type="integer" value="3"/>
		<constant name="class" type="string" value="com.vordel.alert.email.AlertEmail"/>
		<field cardinality="1" name="to" type="string"/>
		<field cardinality="1" name="from" type="string"/>
    <field cardinality="?" name="subject" type="string"/>
    <field cardinality="1" name="smtp" type="string"/>
    <field cardinality="1" default="25" name="port" type="string"/>
    <field cardinality="1" default="NONE" name="connectionType" type="string"/>
    <field cardinality="?" name="username" type="string"/>
		<field cardinality="?" name="password" type="encrypted"/>
		<field cardinality="1" default="0" name="mailDebugOn" type="boolean"/>
	</entityType>
<entityType xmlns="http://www.vordel.com/2005/06/24/entityStore" extends="AlertSystem" name="SyslogAlertSystem">
        <constant name="_version" type="integer" value="0"/>
		<constant name="class" type="string" value="com.vordel.alert.syslog.AlertSyslog"/>
		<field cardinality="1" name="host" type="string"/>
		<field cardinality="1" name="facility" type="string"/>
	</entityType>
<entityType xmlns="http://www.vordel.com/2005/06/24/entityStore" extends="AlertSystem" name="LocalSyslogAlertSystem">
        <constant name="_version" type="integer" value="0"/>
		<constant name="class" type="string" value="com.vordel.alert.syslog.AlertLocalUnixSyslog"/>
		<field cardinality="1" name="facility" type="string"/>
	</entityType>
<entityType xmlns="http://www.vordel.com/2005/06/24/entityStore" extends="AlertSystem" name="OpsecAlertSystem">
        <constant name="_version" type="integer" value="1"/>
        <constant name="class" type="string" value="com.vordel.alert.opsec.AlertOPSEC"/>
        <componentType cardinality="*" name="UpLoadFile"/>
        <field cardinality="1" name="connectionInfo" type="string"/>
	</entityType>
<entityType xmlns="http://www.vordel.com/2005/06/24/entityStore" extends="AlertSystem" name="TwitterAlertSystem">
                <constant name="_version" type="integer" value="0"/>
		<constant name="class" type="string" value="com.vordel.alert.twitter.AlertTwitter"/>		
	        <field cardinality="1" name="consumerKey" type="encrypted"/>
		<field cardinality="1" name="consumerSecret" type="encrypted"/>	
                <field cardinality="1" name="accessToken" type="encrypted"/>
		<field cardinality="1" name="accessTokenSecret" type="encrypted"/>
	</entityType>
<entityType xmlns="http://www.vordel.com/2005/06/24/entityStore" extends="AlertSystem" name="SNSAlert">
    <constant name="_version" type="integer" value="1"/>
    <constant name="class" type="string" value="com.vordel.alert.aws.sns.AlertAWSSNS"/>
    <field cardinality="1" name="clientConfiguration" type="^AWSClientConfiguration">
      <defaultRef>
        <key type="AWSSettings">
          <id field="name" value="Amazon Web Services Settings"/>
          <key type="AWSClientConfiguration">
            <id field="name" value="Default AWS Client Configuration"/>
          </key>
        </key>
      </defaultRef>
    </field>
    <field cardinality="?" name="awsCredential" type="^ApiKeyProfile"/>
    <field default="us-west-1" name="region" type="string"/>
    <field cardinality="1" name="topicArn" type="string"/>
    <field cardinality="1" name="subject" type="string"/>
  </entityType>
<entityType xmlns="http://www.vordel.com/2005/06/24/entityStore" extends="Entity" name="UpLoadFile">
        <constant name="_version" type="integer" value="1"/>
        <field isKey="true" name="name" type="string"/>
        <field cardinality="1" name="contents" type="binary"/>
	</entityType>
<entityType xmlns="http://www.vordel.com/2005/06/24/entityStore" abstract="true" extends="Entity" name="OAuthPersist">
    <constant name="_version" type="integer" value="4"/>

    <!-- option 1 - is to use  EHCache persistence
         option 2 - is to use  Database persistence
         option 3 - is to use  Cassandra persistence
    -->
     <field isKey="true" name="name" type="string"/>
    <field cardinality="1" default="1" name="type" type="integer"/>
    <field cardinality="?" name="cache" type="^Cache"/>
    <field cardinality="?" name="database" type="^DbConnection"/>
    <field default="60" name="purge" type="long"/>
    <field default="1000" name="purgeBatchSize" type="integer"/>
    <field cardinality="1" default="ONE" name="readConsistencyLevel" type="string"/>
    <field cardinality="1" default="ONE" name="writeConsistencyLevel" type="string"/>
    <field cardinality="1" default="SHA-256" name="digestAlgorithm" type="string"/>
  </entityType>
<entityType xmlns="http://www.vordel.com/2005/06/24/entityStore" extends="OAuthPersist" name="AccessTokenPersist">
    <constant name="_version" type="integer" value="0"/>
 <!--   <field name="name" type="string" isKey="true"/> -->
  </entityType>
<entityType xmlns="http://www.vordel.com/2005/06/24/entityStore" extends="OAuthPersist" name="ClientAccessTokenPersist">
    <constant name="_version" type="integer" value="1"/>
    <!-- if the token returned from the authz server contains no expiry information
         then default the expiry to the value of accessTokenExpiresInSecs 1hr by default-->
    <field cardinality="1" default="3600" name="clientAccessTokenExpiresInSecs" type="long"/>
    <!-- default to a month -->
    <field cardinality="1" default="2592000" name="refreshTokenExpiresInSecs" type="long"/>
  </entityType>
<entityType xmlns="http://www.vordel.com/2005/06/24/entityStore" extends="OAuthPersist" name="AuthzCodePersist">
    <constant name="_version" type="integer" value="0"/>
    <!-- <field name="name" type="string" isKey="true"/> -->
  </entityType>
<entityType xmlns="http://www.vordel.com/2005/06/24/entityStore" extends="Entity" name="SyslogServer">
        <constant name="_version" type="integer" value="0"/>
        <field cardinality="1" isKey="true" name="name" type="string"/>
        <field cardinality="1" name="host" type="string"/>
		<field cardinality="1" name="facility" type="string"/>
	 </entityType>
<entityType xmlns="http://www.vordel.com/2005/06/24/entityStore" extends="Entity" name="Cache">
        <constant name="_version" type="integer" value="0"/>
    <!-- required -->
    <field isKey="true" name="name" type="string"/>
    <field cardinality="1" default="1000" name="maxElementsInMemory" type="integer"/>
    <field cardinality="1" default="1000" name="maxElementsOnDisk" type="integer"/>
    <field cardinality="1" default="true" name="eternal" type="boolean"/>
    <field cardinality="1" default="true" name="overflowToDisk" type="boolean"/>
    <!-- optional -->
    <field cardinality="1" default="0" name="timeToIdleSeconds" type="long"/>
    <field cardinality="1" default="0" name="timeToLiveSeconds" type="long"/>
    <field cardinality="1" default="false" name="diskPersistent" type="boolean"/>
    <field cardinality="1" default="120" name="diskExpiryThreadIntervalSeconds" type="long"/>    
    <field cardinality="1" default="30" name="diskSpoolBufferSizeMB" type="integer"/>
    <field cardinality="1" default="LRU" name="memoryStoreEvictionPolicy" type="string"/>
  </entityType>
<entityType xmlns="http://www.vordel.com/2005/06/24/entityStore" extends="Cache" name="DistributedCache">
        <constant name="_version" type="integer" value="0"/>
        <!-- event listener -->
        <field cardinality="1" default="net.sf.ehcache.distribution.RMICacheReplicatorFactory" name="eventListenerClass" type="string"/>
        <field cardinality="1" default="," name="eventListenerPropertySeparator" type="string"/>
        <field cardinality="1" default="replicateAsynchronously=false, replicatePuts=true, replicateUpdates=true, replicateUpdatesViaCopy=true, replicateRemovals=true" name="eventListenerProperties" type="string"/>
        <!-- Bootstrap Cache Loader -->
        <field cardinality="1" default="net.sf.ehcache.distribution.RMIBootstrapCacheLoaderFactory" name="bootstrapClass" type="string"/>
        <field cardinality="1" default="," name="boootstrapPropertySeparator" type="string"/>
        <field cardinality="1" default="bootstrapAsynchronously=true, maximumChunkSizeBytes=5000000" name="bootstrapProperties" type="string"/>
      </entityType>
<entityType xmlns="http://www.vordel.com/2005/06/24/entityStore" extends="Entity" name="JMSService">
    <constant name="_version" type="integer" value="5"/>
    <componentType name="Property"/>
    <field cardinality="1" isKey="true" name="name" type="string"/>
    <field cardinality="1" default="com.vordel.ama.jndi.InitialContextFactory" name="initialContextFactory" type="string"/>
    <field cardinality="1" default="local" name="providerURL" type="string"/>
    <field cardinality="1" default="connectionFactory" name="connectionFactory" type="string"/>
    <field cardinality="1" name="userName" type="string"/>
    <field cardinality="1" name="password" type="encrypted"/>
    <field cardinality="?" default="false" name="jmsConnStartupAsync" type="boolean"/>
    <field cardinality="?" default="true" name="jmsReConnectOnConnFailure" type="boolean"/>
    <!-- serviceType.
         Used to specify the type of predefined JMS provider to define
		 JMS: 
		     Standard JMS provider (default)
		 ACTIVEMQ: 
		     Apache ActiveMQ provider
		      onnectionFactory = connectionFactory
		      initialContextFactory = com.vordel.jms.apache.activemq.InitialContextFactory
		 MQ: 
		     IBM MQ API bundled as JMS provider
		      providerURL = undefined
		      connectionFactory = connectionFactory
		      initialContextFactory = com.vordel.jms.ibm.mq.InitialContextFactory
		 EMBEDDED_ACTIVEMQ: 
		     Apache ActiveMQ provider pre-configured to use embedded ActiveMQ server
		      providerURL = local
		      connectionFactory = connectionFactory
		      initialContextFactory = com.vordel.ama.jndi.InitialContextFactory
    -->
    <field cardinality="?" default="EMBEDDED_ACTIVEMQ" name="serviceType" type="string"/>
    <field cardinality="*" name="SSLTrustedCerts" type="^Certificate"/>
    <field cardinality="?" name="SSLCertificate" type="^Certificate"/>
    <field cardinality="?" name="SSLCipherSuite" type="string"/>
    <field cardinality="?" default="1" name="mq.transporType" type="integer"/>
    <field cardinality="?" name="mq.hostName" type="string"/>
    <field cardinality="?" name="mq.port" type="integer"/>
    <field cardinality="?" name="mq.queueManager" type="string"/>
    <field cardinality="?" name="mq.channel" type="string"/>
    <field cardinality="?" name="mq.sslCipherSpec" type="string"/>
    <field cardinality="?" default="false" name="mq.sslFipsRequired" type="boolean"/>
    <field cardinality="?" name="jmsClientID" type="string"/>
    <field cardinality="1" default="20" name="maxThreadCount" type="integer"/>
  </entityType>
<entityType xmlns="http://www.vordel.com/2005/06/24/entityStore" extends="Entity" name="SMTPServer">
        <constant name="_version" type="integer" value="1"/>
     <field cardinality="1" isKey="true" name="name" type="string"/>
     <field cardinality="1" name="smtpServer" type="string"/>
     <field cardinality="1" default="25" name="smtpPort" type="integer"/>
     <field cardinality="1" default="NONE" name="connectionType" type="string"/>
     <field name="username" type="string"/>
     <field cardinality="1" name="password" type="encrypted"/>
     <field cardinality="1" default="0" name="mailDebugOn" type="string"/>
	 </entityType>
<entityType xmlns="http://www.vordel.com/2005/06/24/entityStore" abstract="true" extends="Entity" name="Filter">
        <constant name="_version" type="integer" value="5"/>
        <field cardinality="?" name="successNode" type="@Filter"/>
        <field cardinality="?" name="failureNode" type="@Filter"/>
        <field isKey="true" name="name" type="string"/>
        <field cardinality="1" default="2" name="logMask" type="integer"/>
        <field cardinality="1" default="Filter aborted due to exception" name="logFatal" type="string"/>
        <field cardinality="1" default="Filter failed" name="logFailure" type="string"/>
        <field cardinality="1" default="Filter passed" name="logSuccess" type="string"/>
        <field cardinality="1" name="category" type="@Category">
            <defaultRef>
                <key type="CategoryGroup">
                  <id field="name" value="Filter Categories"/>
                  <key type="Category">
                      <id field="name" value="miscellaneous"/>
                  </key>
                </key>
            </defaultRef>
        </field>
      <field cardinality="1" default="0" name="abortProcessingOnLogError" type="boolean"/>
      <field cardinality="1" default="SERVICE" name="logMaskType" type="string"/>
      <field cardinality="*" name="classloader" type="^ClassLoader"/>
    </entityType>
<entityType xmlns="http://www.vordel.com/2005/06/24/entityStore" extends="Filter" name="ConnectionFilter">
    <constant name="_version" type="integer" value="19"/>
    <constant name="class" type="string" value="com.vordel.circuit.net.ConnectionFilter"/>
    <componentType cardinality="1" name="SaveToFileFilter"/>

    <!-- Credential profile -->
    <field cardinality="1" default="false" name="profileInUse" type="boolean"/>
    <field cardinality="?" default="reference" name="profileType" type="string"/>
    <field cardinality="?" name="profile" type="^NamedAuthnProfile"/>
    <field cardinality="?" default="" name="profileSelector" type="string"/>

    <!-- SSL Specific -->
    <field cardinality="*" name="caCerts" type="^Certificate"/>
    <field cardinality="*" name="sslUsers" type="^Certificate"/>
    <field cardinality="1" default="true" name="useRootCerts" type="boolean"/>
    <field default="FIPS:!SSLv3:!aNULL" name="ciphers" type="string"/> <!-- See OpenSSL "ciphers" manpage -->
    <!-- set of tokens for advanced SSL options: nosslv2, nosslv3, etc. -->
    <field cardinality="*" name="ssloptions" type="string">
        <defaultValue>nosslv2</defaultValue>
        <defaultValue>nosslv3</defaultValue>
        <defaultValue>notlsv1</defaultValue>
        <defaultValue>notlsv1_1</defaultValue>
    </field>

    <field cardinality="?" default="0" name="sendProxyMode" type="boolean"/>	
    <field cardinality="?" default="0" name="forwardClientHostHeader" type="boolean"/>


    <field cardinality="1" default="false" name="transparentProxy" type="boolean"/>
    <field cardinality="1" default="false" name="sendReceivedContentHeaders" type="boolean"/>
    <field cardinality="1" default="true" name="handleRedirects" type="boolean"/>
    <field cardinality="1" default="false" name="performRetries" type="boolean"/>
    <field cardinality="*" name="retryHTTPRanges" type="^HTTPStatusClass"/>
    <field cardinality="1" default="5" name="retryCount" type="string"/>
    <field cardinality="1" default="500" name="retryLatency" type="string"/>
    <field cardinality="1" default="false" name="slaBreachAsFailure" type="boolean"/>
    <field cardinality="1" default="false" name="saveTransactionOnFailure" type="boolean"/>
    <field cardinality="1" default="false" name="runPolicyOnConnectionFailure" type="boolean"/>
    <field cardinality="?" name="connectionFailurePolicy" type="^FilterCircuit"/>
    <field cardinality="?" name="proxyServer" type="^ProxyServer"/>
    <field cardinality="?" default="0" name="stickyness" type="integer"/>
    <field cardinality="?" default="unnamed" name="stickyCookieName" type="string"/>
    <field cardinality="?" default="600000" name="stickyCookieExpiry" type="long"/>
    <field cardinality="?" default="" name="stickyCookiePath" type="string"/>
    <field cardinality="?" default="" name="stickyCookieDomain" type="string"/>
    <field cardinality="?" default="false" name="loadResponseBody" type="boolean"/>
    <field cardinality="?" default="false" name="closePreviousConnection" type="boolean"/>
  </entityType>
<entityType xmlns="http://www.vordel.com/2005/06/24/entityStore" abstract="false" extends="Filter" name="GetOAuthClientTokenFilter">
    <constant name="_version" type="integer" value="6"/>
    <constant name="class" type="string" value="com.vordel.circuit.oauth.client.GetOAuthClientTokenFilter"/>
    <componentType cardinality="1" name="ConnectionFilter"/>
    <field cardinality="?" name="profile" type="^OAuthAppProfile"/>
    <field cardinality="?" default="${authentication.subject.id}" name="tokenKey" type="string"/>

  </entityType>
<entityType xmlns="http://www.vordel.com/2005/06/24/entityStore" extends="Entity" name="ApiKeySigner">
    <constant name="_version" type="integer" value="0"/>
    <field cardinality="1" isKey="true" name="name" type="string"/>
    <field cardinality="1" name="class" type="string"/>
  </entityType>
<entityType xmlns="http://www.vordel.com/2005/06/24/entityStore" abstract="true" extends="Entity" name="NamedAuthnProfile">
    <constant name="_version" type="integer" value="0"/>
    <field cardinality="1" isKey="true" name="name" type="string"/>
  </entityType>
<entityType xmlns="http://www.vordel.com/2005/06/24/entityStore" extends="NamedAuthnProfile" name="OAuthAppProfile">
    <constant name="_version" type="integer" value="4"/>
    <componentType cardinality="?" name="ScopeList"/> 
    <componentType cardinality="?" name="Property"/> 
    <componentType cardinality="?" name="AdditionalClaims"/> 
    <field cardinality="1" name="clientid" type="string"/>
    <field cardinality="?" name="clientsecret" type="encrypted"/>
    <field cardinality="1" default="authorization_code" name="oauthFlowType" type="string"/>
    <field cardinality="1" default="AuthorizationHeader" name="locationOfClientDetails" type="string"/>
    <field cardinality="1" default="client_id" name="clientIdHeaderName" type="string"/>
    <field cardinality="1" default="client_secret" name="clientSecretHeaderName" type="string"/>
    <field cardinality="?" name="jwtSigner" type="^Certificate"/>
    <field cardinality="?" default="RS256" name="signatureAlg" type="string"/>
    <field cardinality="?" default="60" name="jwtExpiresIn" type="long"/>
    <field cardinality="?" name="redirectURL" type="string"/>
    <field cardinality="?" default="${oauth.resource.owner.id}" name="resourceOwnerId" type="string"/>
    <field cardinality="1" default="wildcard" name="resourceOwnerPasswordType" type="string"/>
    <field cardinality="?" default="${oauth.resource.owner.password}" name="resourceOwnerPassword" type="string"/>
    <field cardinality="?" name="resourceOwnerPasswordPrivate" type="encrypted"/>
    <!-- Options for assertionType are CreateAssertion/UseAssertion -->
    <field cardinality="?" default="CreateAssertion" name="assertionType" type="string"/>
    <field cardinality="?" default="${oauth.saml.assertion}" name="externalAssertion" type="string"/>     
    <field cardinality="?" name="samlSigner" type="^Certificate"/>
    <field cardinality="?" default="${authentication.subject.id}" name="samlResourceOwnerId" type="string"/>
    <field cardinality="1" default="60" name="lifeTime" type="long"/>
    <field cardinality="1" default="0" name="driftTime" type="long"/>
  </entityType>
<entityType xmlns="http://www.vordel.com/2005/06/24/entityStore" extends="NamedAuthnProfile" name="ApiKeyProfile">
    <constant name="_version" type="integer" value="0"/>
    <field cardinality="1" name="apikey" type="string"/>
    <field cardinality="?" name="apisecret" type="encrypted"/>
  </entityType>
<entityType xmlns="http://www.vordel.com/2005/06/24/entityStore" extends="NamedAuthnProfile" name="KerberosProfile">
    <constant name="_version" type="integer" value="0"/>
    <field cardinality="1" name="gssInitiator" type="^GSSInitiator"/>
    <field cardinality="1" name="servicePrincipal" type="^GSSPrincipal"/>
    <field cardinality="1" default="1" name="pushTokenWithoutPrompt" type="boolean"/>
    <field cardinality="1" default="0" name="negotiatePassOnServiceOK" type="boolean"/>
    <field cardinality="1" default="0" name="sendBodyAfterEstablishContext" type="boolean"/>
  </entityType>
<entityType xmlns="http://www.vordel.com/2005/06/24/entityStore" extends="NamedAuthnProfile" name="BasicProfile">
    <constant name="_version" type="integer" value="0"/>
    <field cardinality="1" default="basic" name="httpAuthType" type="string"/>
    <field cardinality="1" name="httpAuthUser" type="string"/>
    <field cardinality="1" name="httpAuthPass" type="encrypted"/>
    <field cardinality="1" default="1" name="httpSendCredsWithoutPrompt" type="boolean"/>
  </entityType>
<entityType xmlns="http://www.vordel.com/2005/06/24/entityStore" extends="Entity" name="OAuthProviderProfile">
    <constant name="_version" type="integer" value="6"/>
    <componentType cardinality="*" name="OAuthAppProfile"/>
    <field cardinality="1" isKey="true" name="name" type="string"/>
    <field cardinality="1" default="com.vordel.oauth.client.providers.BaseOAuth2Provider" name="class" type="string"/>
    <field cardinality="1" name="authzUrl" type="string"/>
    <field cardinality="1" name="tokenUrl" type="string"/>
    <field cardinality="1" name="tokenStore" type="^ClientAccessTokenPersist"/>
    <field cardinality="1" name="cacheToUse" type="^Cache">
      <defaultRef>
        <key type="CacheManager">
          <id field="name" value="Cache Manager"/>
          <key type="Cache">
            <id field="name" value="OAuth Client State Cache"/>
          </key>
        </key>
      </defaultRef>
    </field>

  </entityType>
<entityType xmlns="http://www.vordel.com/2005/06/24/entityStore" extends="Entity" name="ApiKeyProviderProfile">
    <constant name="_version" type="integer" value="0"/>
    <componentType cardinality="*" name="ApiKeyProfile"/>
    <field cardinality="1" isKey="true" name="name" type="string"/>
    <field cardinality="1" name="apiKeyWhere" type="string"/>
	<field cardinality="1" name="apiKeyName" type="string"/>
	<field cardinality="1" name="apiKeySigner" type="string"/> 
  </entityType>
<entityType xmlns="http://www.vordel.com/2005/06/24/entityStore" abstract="false" extends="Entity" name="ScopeList">
        <constant name="_version" type="integer" value="0"/>
	    <field isKey="true" name="name" type="string"/>
	</entityType>
<entityType xmlns="http://www.vordel.com/2005/06/24/entityStore" abstract="false" extends="Entity" name="AdditionalClaims">
        <constant name="_version" type="integer" value="0"/>
		<field isKey="true" name="name" type="string"/>
		<field name="value" type="string"/>
	</entityType>
<entityType xmlns="http://www.vordel.com/2005/06/24/entityStore" extends="Entity" name="SentinelServer">
    <constant name="_version" type="integer" value="2"/>
    <field cardinality="1" isKey="true" name="name" type="string"/>
    <field cardinality="1" name="host" type="string"/>
    <field cardinality="1" name="port" type="string"/>
    <field cardinality="1" default="utf-8" name="encoding" type="string"/>
    <field cardinality="1" default="false" name="useOverflowFile" type="boolean"/>
    <field cardinality="1" default="text" name="overflowFile" type="string"/>
    <field cardinality="1" default="1024" name="overflowFileSizeMB" type="long"/>
    <!-- agent settings-->
    <field cardinality="1" default="true" name="useProductName" type="boolean"/>
    <field name="productName" type="string"/>
    <field cardinality="1" default="true" name="useLocalAddr" type="boolean"/>
    <field name="localAddr" type="string"/>

  </entityType>
<entityType xmlns="http://www.vordel.com/2005/06/24/entityStore" extends="Entity" name="Root">
  <componentType cardinality="*" name="RootChild"/>
  <field isKey="true" name="name" type="string"/>

  <!-- Used by the FileStore implementation, records the last time the store was written -->
  <field name="lastModificationTime" type="utctime"/>

  <!-- Used by the in-memory ad filestore implementations, records the next integer to use as a PK -->
  <field name="pkInc" type="integer"/>

  <!-- 
          Provide a user-extensible means to tag an individual store, that won't interfere with federated store 
      composition. If it's done in the root node, then there are no synchronization issues across stores in the
      federated context, as each store naturally has full control of its root node, with only the Primary Store's
      root being visible via the federated view.

          Provide a pair of multivalued string fields. It is up to the user to ensure that the contents are
      synchronized. One string list acts as the key, with the entry in the corresponding list at the same index giving
      the value for that key, e.g.
      
          tagName[0] = 'gitrev'
          tagName[0] = 'e39a0a77b92c5b82e5a662a7de0b33daeadfb170'
          
      equates to the mapping 'gitrev' -> 'e39a0a77b92c5b82e5a662a7de0b33daeadfb170'
  -->
  <field cardinality="*" name="tagName" type="string"/>
  <field cardinality="*" name="tagValue" type="string"/>
</entityType>
<entity xmlns="http://www.vordel.com/2005/06/24/entityStore"  xmlns:xsi="http://www.w3.org/2001/XMLSchema-instance" type="Root" entityPK="0">
	<fval name="name"><value>System Components</value></fval>
	<fval name="tagName"><value>gitrev</value></fval>
	<fval name="tagValue"><value>24727b2354117cb6453a54ea8a875e0cfde78b40</value></fval>
</entity>
<entity xmlns="http://www.vordel.com/2005/06/24/entityStore"  xmlns:xsi="http://www.w3.org/2001/XMLSchema-instance" type="ProxyServerGroup" entityPK="-8927855643363641422" parentPK="0">
	<fval name="name"><value>Proxy Servers</value></fval>
</entity>
<entity xmlns="http://www.vordel.com/2005/06/24/entityStore"  xmlns:xsi="http://www.w3.org/2001/XMLSchema-instance" type="XkmsConfigGroup" entityPK="-7879200288469312100" parentPK="0">
	<fval name="name"><value>XKMS Servers</value></fval>
</entity>
<entity xmlns="http://www.vordel.com/2005/06/24/entityStore"  xmlns:xsi="http://www.w3.org/2001/XMLSchema-instance" type="PassPortClientCache" entityPK="-7723204504086664948" parentPK="0">
	<fval name="name"><value>PassPort Client Cache</value></fval>
</entity>
<entity xmlns="http://www.vordel.com/2005/06/24/entityStore"  xmlns:xsi="http://www.w3.org/2001/XMLSchema-instance" type="SyslogServerGroup" entityPK="-7333283576796893503" parentPK="0">
	<fval name="name"><value>Syslog Servers</value></fval>
</entity>
<entity xmlns="http://www.vordel.com/2005/06/24/entityStore"  xmlns:xsi="http://www.w3.org/2001/XMLSchema-instance" type="CassandraSettings" entityPK="-6534601854024662206" parentPK="0">
	<fval name="keySpace"><value>x${DOMAINID}_${GROUPID}</value></fval>
	<fval name="name"><value>Cassandra Settings</value></fval>
	<fval name="password"><value></value></fval>
	<fval name="replication"><value>1</value></fval>
	<fval name="replicationStrategy"><value>org.apache.cassandra.locator.SimpleStrategy</value></fval>
	<fval name="sslProtocolOptionsMask"><value>1</value></fval>
	<fval name="throttlingKeySpace"><value>t${DOMAINID}_${GROUPID}</value></fval>
	<fval name="throttlingReadConsistencyLevel"><value>ONE</value></fval>
	<fval name="throttlingReplication"><value>1</value></fval>
	<fval name="throttlingReplicationStrategy"><value>org.apache.cassandra.locator.SimpleStrategy</value></fval>
	<fval name="throttlingWriteConsistencyLevel"><value>ONE</value></fval>
	<fval name="useSSL"><value>false</value></fval>
	<fval name="username"><value></value></fval>
</entity>
<entity xmlns="http://www.vordel.com/2005/06/24/entityStore"  xmlns:xsi="http://www.w3.org/2001/XMLSchema-instance" type="AuthProfilesGroup" entityPK="-5454444987080602196" parentPK="0">
	<fval name="name"><value>Auth Profiles</value></fval>
</entity>
<entity xmlns="http://www.vordel.com/2005/06/24/entityStore"  xmlns:xsi="http://www.w3.org/2001/XMLSchema-instance" type="ApiKeyGroup" entityPK="-7063814007479423132" parentPK="-5454444987080602196">
	<fval name="name"><value>API Keys</value></fval>
</entity>
<entity xmlns="http://www.vordel.com/2005/06/24/entityStore"  xmlns:xsi="http://www.w3.org/2001/XMLSchema-instance" type="ApiKeySignerGroup" entityPK="-5940501686422813064" parentPK="-5454444987080602196">
	<fval name="name"><value>API Key Signers</value></fval>
</entity>
<entity xmlns="http://www.vordel.com/2005/06/24/entityStore"  xmlns:xsi="http://www.w3.org/2001/XMLSchema-instance" type="OAuthGroup" entityPK="-980465741248273640" parentPK="-5454444987080602196">
	<fval name="name"><value>OAuth2</value></fval>
</entity>
<entity xmlns="http://www.vordel.com/2005/06/24/entityStore"  xmlns:xsi="http://www.w3.org/2001/XMLSchema-instance" type="SAMLGroup" entityPK="4143878601179033074" parentPK="-5454444987080602196">
	<fval name="name"><value>SAML</value></fval>
</entity>
<entity xmlns="http://www.vordel.com/2005/06/24/entityStore"  xmlns:xsi="http://www.w3.org/2001/XMLSchema-instance" type="KerberosGroup" entityPK="4490656300588315459" parentPK="-5454444987080602196">
	<fval name="name"><value>Kerberos</value></fval>
</entity>
<entity xmlns="http://www.vordel.com/2005/06/24/entityStore"  xmlns:xsi="http://www.w3.org/2001/XMLSchema-instance" type="BasicAuthGroup" entityPK="4705083885297607146" parentPK="-5454444987080602196">
	<fval name="name"><value>HTTP Basic</value></fval>
</entity>
<entity xmlns="http://www.vordel.com/2005/06/24/entityStore"  xmlns:xsi="http://www.w3.org/2001/XMLSchema-instance" type="ESConfiguration" entityPK="-3570343607536900434" parentPK="0">
	<fval name="name"><value>Entity Store Configuration</value></fval>
	<fval name="passphraseTest"><value>aHR0cDsvL3d3dy52b3JkZWwuY29t</value></fval>
	<fval name="productKey"><value>VordelReporter</value></fval>
	<fval name="version"><value>7.7.0</value></fval>
</entity>
<entity xmlns="http://www.vordel.com/2005/06/24/entityStore"  xmlns:xsi="http://www.w3.org/2001/XMLSchema-instance" type="AuthnRepositoryGroup" entityPK="-3126488396228306144" parentPK="0">
	<fval name="name"><value>Authentication Repositories</value></fval>
</entity>
<entity xmlns="http://www.vordel.com/2005/06/24/entityStore"  xmlns:xsi="http://www.w3.org/2001/XMLSchema-instance" type="AuthnRepositoryLocalGroup" entityPK="-6617494583033233744" parentPK="-3126488396228306144">
	<fval name="allowedFilter">
		<value>HttpBasicFilter</value>
		<value>HttpDigestFilter</value>
		<value>WsBasicFilter</value>
		<value>WsDigestFilter</value>
		<value>WsUsernameFilter</value>
		<value>AttributeAuthnFilter</value>
		<value>FormAuthnFilter</value>
	</fval>
	<fval name="name"><value>Local Repositories</value></fval>
</entity>
<entity xmlns="http://www.vordel.com/2005/06/24/entityStore"  xmlns:xsi="http://www.w3.org/2001/XMLSchema-instance" type="AuthnRepositoryLocal" entityPK="-2061080817395920089" parentPK="-6617494583033233744">
	<fval name="authZAttribFormat"><value>Username</value></fval>
	<fval name="name"><value>Local User Store</value></fval>
</entity>
<entity xmlns="http://www.vordel.com/2005/06/24/entityStore"  xmlns:xsi="http://www.w3.org/2001/XMLSchema-instance" type="AuthnRepositoryKPSGroup" entityPK="2181337156689509114" parentPK="-3126488396228306144">
	<fval name="allowedFilter">
		<value>HttpBasicFilter</value>
		<value>WsBasicFilter</value>
		<value>WsUsernameFilter</value>
		<value>AttributeAuthnFilter</value>
		<value>FormAuthnFilter</value>
	</fval>
	<fval name="name"><value>KPS Repositories</value></fval>
</entity>
<entity xmlns="http://www.vordel.com/2005/06/24/entityStore"  xmlns:xsi="http://www.w3.org/2001/XMLSchema-instance" type="AuthnRepositoryPassPortGroup" entityPK="3339346176169885121" parentPK="-3126488396228306144">
	<fval name="allowedFilter">
		<value>HttpBasicFilter</value>
		<value>WsBasicFilter</value>
		<value>WsUsernameFilter</value>
		<value>AttributeAuthnFilter</value>
		<value>FormAuthnFilter</value>
	</fval>
	<fval name="name"><value>Axway PassPort Repositories</value></fval>
</entity>
<entity xmlns="http://www.vordel.com/2005/06/24/entityStore"  xmlns:xsi="http://www.w3.org/2001/XMLSchema-instance" type="AuthnRepositoryLdapGroup" entityPK="4000660194260436263" parentPK="-3126488396228306144">
	<fval name="allowedFilter">
		<value>HttpBasicFilter</value>
		<value>WsBasicFilter</value>
		<value>WsUsernameFilter</value>
		<value>AttributeAuthnFilter</value>
		<value>FormAuthnFilter</value>
	</fval>
	<fval name="name"><value>LDAP Repositories</value></fval>
</entity>
<entity xmlns="http://www.vordel.com/2005/06/24/entityStore"  xmlns:xsi="http://www.w3.org/2001/XMLSchema-instance" type="AuthnRepositoryLdap" entityPK="-2152935565843536855" parentPK="4000660194260436263">
	<fval name="allowBlankPasswords"><value>0</value></fval>
	<fval name="authZAttribFormat"><value>X509DName</value></fval>
	<fval name="authzAttribute"><value>distinguishedName</value></fval>
	<fval name="ldapDir"><value contentType="reference">
<key type='LdapDirectoryGroup'><id field='name' value='LDAP Directories'/><key type='LdapDirectory'><id field='name' value='Sample Active Directory Connection'/></key></key>	</value></fval>
	<fval name="loginAttrib"><value>distinguishedName</value></fval>
	<fval name="name"><value>Sample Active Directory Repository</value></fval>
	<fval name="searchAttrib"><value>cn</value></fval>
	<fval name="searchBase"><value>CN=Users,DC=sample,DC=com</value></fval>
	<fval name="searchClass"><value>User</value></fval>
	<fval name="useSearchAttrInBase"><value>0</value></fval>
</entity>
<entity xmlns="http://www.vordel.com/2005/06/24/entityStore"  xmlns:xsi="http://www.w3.org/2001/XMLSchema-instance" type="AuthnRepositoryDbGroup" entityPK="7103965363807424610" parentPK="-3126488396228306144">
	<fval name="allowedFilter">
		<value>HttpBasicFilter</value>
		<value>HttpDigestFilter</value>
		<value>WsBasicFilter</value>
		<value>WsDigestFilter</value>
		<value>WsUsernameFilter</value>
		<value>AttributeAuthnFilter</value>
		<value>FormAuthnFilter</value>
	</fval>
	<fval name="name"><value>Database Repositories</value></fval>
</entity>
<entity xmlns="http://www.vordel.com/2005/06/24/entityStore"  xmlns:xsi="http://www.w3.org/2001/XMLSchema-instance" type="OAuth2StoresGroup" entityPK="-2706094711333370495" parentPK="0">
	<fval name="name"><value>OAuth2 Stores</value></fval>
</entity>
<entity xmlns="http://www.vordel.com/2005/06/24/entityStore"  xmlns:xsi="http://www.w3.org/2001/XMLSchema-instance" type="AuthzCodeStoreGroup" entityPK="1796442539577064834" parentPK="-2706094711333370495">
	<fval name="name"><value>Authorization Code Stores</value></fval>
</entity>
<entity xmlns="http://www.vordel.com/2005/06/24/entityStore"  xmlns:xsi="http://www.w3.org/2001/XMLSchema-instance" type="AccessTokenStoreGroup" entityPK="1967382604953882959" parentPK="-2706094711333370495">
	<fval name="name"><value>Access Token Stores</value></fval>
</entity>
<entity xmlns="http://www.vordel.com/2005/06/24/entityStore"  xmlns:xsi="http://www.w3.org/2001/XMLSchema-instance" type="ClientAccessTokenStoreGroup" entityPK="2245274129584925927" parentPK="-2706094711333370495">
	<fval name="name"><value>Client Access Token Stores</value></fval>
</entity>
<entity xmlns="http://www.vordel.com/2005/06/24/entityStore"  xmlns:xsi="http://www.w3.org/2001/XMLSchema-instance" type="UrlSetGroup" entityPK="-2659366973212020971" parentPK="0">
	<fval name="name"><value>URL Sets</value></fval>
</entity>
<entity xmlns="http://www.vordel.com/2005/06/24/entityStore"  xmlns:xsi="http://www.w3.org/2001/XMLSchema-instance" type="UrlSetXkmsGroup" entityPK="-6288919638698039485" parentPK="-2659366973212020971">
	<fval name="name"><value>XKMS URL Sets</value></fval>
</entity>
<entity xmlns="http://www.vordel.com/2005/06/24/entityStore"  xmlns:xsi="http://www.w3.org/2001/XMLSchema-instance" type="UrlSetOcspGroup" entityPK="2461548297313794662" parentPK="-2659366973212020971">
	<fval name="name"><value>OCSP URL Sets</value></fval>
</entity>
<entity xmlns="http://www.vordel.com/2005/06/24/entityStore"  xmlns:xsi="http://www.w3.org/2001/XMLSchema-instance" type="LdapDirectoryGroup" entityPK="-2192727921952465634" parentPK="0">
	<fval name="name"><value>LDAP Directories</value></fval>
</entity>
<entity xmlns="http://www.vordel.com/2005/06/24/entityStore"  xmlns:xsi="http://www.w3.org/2001/XMLSchema-instance" type="LdapDirectory" entityPK="-7278658653016170944" parentPK="-2192727921952465634">
	<fval name="authRealm"><value></value></fval>
	<fval name="authType"><value>SIMPLE</value></fval>
	<fval name="cacheSize"><value>8</value></fval>
	<fval name="cacheTimeout"><value>300000</value></fval>
	<fval name="name"><value>Sample Active Directory Connection</value></fval>
	<fval name="password"><value>Y2hhbmdlbWU=</value></fval>
	<fval name="sslEnabled"><value>0</value></fval>
	<fval name="url"><value>ldap://ldaphost.sample.com:389</value></fval>
	<fval name="userName"><value>cn=Administrator,cn=users,DC=sample,DC=com</value></fval>
</entity>
<entity xmlns="http://www.vordel.com/2005/06/24/entityStore"  xmlns:xsi="http://www.w3.org/2001/XMLSchema-instance" type="SMTPServerGroup" entityPK="-2038132603856257055" parentPK="0">
	<fval name="name"><value>SMTP Servers</value></fval>
</entity>
<entity xmlns="http://www.vordel.com/2005/06/24/entityStore"  xmlns:xsi="http://www.w3.org/2001/XMLSchema-instance" type="NetService" entityPK="-1056013791373122991" parentPK="0">
	<fval name="name"><value>Service</value></fval>
</entity>
<entity xmlns="http://www.vordel.com/2005/06/24/entityStore"  xmlns:xsi="http://www.w3.org/2001/XMLSchema-instance" type="CacheManager" entityPK="312673079126310501" parentPK="0">
	<fval name="name"><value>Cache Manager</value></fval>
</entity>
<entity xmlns="http://www.vordel.com/2005/06/24/entityStore"  xmlns:xsi="http://www.w3.org/2001/XMLSchema-instance" type="Cache" entityPK="6473591954499605243" parentPK="312673079126310501">
	<fval name="diskExpiryThreadIntervalSeconds"><value>120</value></fval>
	<fval name="diskPersistent"><value>false</value></fval>
	<fval name="diskSpoolBufferSizeMB"><value>30</value></fval>
	<fval name="eternal"><value>true</value></fval>
	<fval name="maxElementsInMemory"><value>1000</value></fval>
	<fval name="maxElementsOnDisk"><value>1000</value></fval>
	<fval name="memoryStoreEvictionPolicy"><value>LRU</value></fval>
	<fval name="name"><value>Invalid Login Attempts</value></fval>
	<fval name="overflowToDisk"><value>true</value></fval>
	<fval name="timeToIdleSeconds"><value>0</value></fval>
	<fval name="timeToLiveSeconds"><value>0</value></fval>
</entity>
<entity xmlns="http://www.vordel.com/2005/06/24/entityStore"  xmlns:xsi="http://www.w3.org/2001/XMLSchema-instance" type="AlertManager" entityPK="408016949098448298" parentPK="0">
	<fval name="name"><value>Default Alert Configuration</value></fval>
</entity>
<entity xmlns="http://www.vordel.com/2005/06/24/entityStore"  xmlns:xsi="http://www.w3.org/2001/XMLSchema-instance" type="ICAPServerGroup" entityPK="952679857923255549" parentPK="0">
	<fval name="name"><value>ICAP Servers</value></fval>
</entity>
<entity xmlns="http://www.vordel.com/2005/06/24/entityStore"  xmlns:xsi="http://www.w3.org/2001/XMLSchema-instance" type="DbConnectionGroup" entityPK="1138189884419878946" parentPK="0">
	<fval name="name"><value>Database Connections</value></fval>
</entity>
<entity xmlns="http://www.vordel.com/2005/06/24/entityStore"  xmlns:xsi="http://www.w3.org/2001/XMLSchema-instance" type="DbConnection" entityPK="1861386260561468643" parentPK="1138189884419878946">
	<fval name="initialSize"><value>0</value></fval>
	<fval name="maxActive"><value>8</value></fval>
	<fval name="maxIdle"><value>8</value></fval>
	<fval name="maxWait"><value>10000</value></fval>
	<fval name="minEvictableIdleTimeMillis"><value>1000</value></fval>
	<fval name="minIdle"><value>0</value></fval>
	<fval name="name"><value>Default Database Connection</value></fval>
	<fval name="numTestsPerEvictionRun"><value>3</value></fval>
	<fval name="password"><value>UEBzc3cwcmQhMjheMDleMTc=</value></fval>
	<fval name="passwordType"><value>entered</value></fval>
	<fval name="setPoolPreparedStatements"><value>0</value></fval>
	<fval name="timeBetweenEvictionRunsMillis"><value>10000</value></fval>
	<fval name="timezoneAware"><value>0</value></fval>
	<fval name="url"><value>jdbc:mysql://10.197.19.106:3306/prd_analytic?verifyServerCertificate=false&amp;useSSL=true&amp;requireSSL=true&amp;autoReconnect=true</value></fval>
	<fval name="username"><value>apiandb</value></fval>
	<fval name="wildcardPassword"><value></value></fval>
</entity>
<entity xmlns="http://www.vordel.com/2005/06/24/entityStore"  xmlns:xsi="http://www.w3.org/2001/XMLSchema-instance" type="ConnectionSetGroup" entityPK="1653197280545401192" parentPK="0">
	<fval name="name"><value>Connection Sets</value></fval>
</entity>
<entity xmlns="http://www.vordel.com/2005/06/24/entityStore"  xmlns:xsi="http://www.w3.org/2001/XMLSchema-instance" type="JMSServiceGroup" entityPK="5865984029158194541" parentPK="0">
	<fval name="name"><value>JMS Services</value></fval>
</entity>
<entity xmlns="http://www.vordel.com/2005/06/24/entityStore"  xmlns:xsi="http://www.w3.org/2001/XMLSchema-instance" type="PassPortKeyStoreManager" entityPK="7155394008636555668" parentPK="0">
	<fval name="name"><value>PassPort KeyStore Manager</value></fval>
</entity>
<entity xmlns="http://www.vordel.com/2005/06/24/entityStore"  xmlns:xsi="http://www.w3.org/2001/XMLSchema-instance" type="SentinelServerGroup" entityPK="7770249911340501815" parentPK="0">
	<fval name="name"><value>Sentinel Servers</value></fval>
</entity>
</entityStoreData>