<entityStoreData xmlns="http://www.vordel.com/2005/06/24/entityStore">
<entityType xmlns="http://www.vordel.com/2005/06/24/entityStore" abstract="true" extends="Entity" name="RootChild"/>
<entityType xmlns="http://www.vordel.com/2005/06/24/entityStore" extends="RootChild" name="ESConfiguration">
        <constant name="_version" type="integer" value="30"/>
        <!--
            Give this singleton a key.
        -->
        <field isKey="true" name="name" type="string"/>
        <!-- 
            We use this field to verify that the passphrase for the 
            encryped data is synchronized between the server and client, and
            between multiple invocations of the client
        -->
        <field name="passphraseTest" type="encrypted"/>
        <field name="version" type="string"/>
        <!-- The product key should never change for the lifetime of the product -->
        <field name="productKey" type="string"/>
        <field cardinality="?" name="gitrev" type="string"/>
    </entityType>
<entityType xmlns="http://www.vordel.com/2005/06/24/entityStore" abstract="true" extends="RootChild" name="LoadableModule">
        <constant name="_version" type="integer" value="2"/>
        <constant name="loadorder" type="integer" value="1000000"/>
        <field cardinality="?" name="classloader" type="^ClassLoader"/>

        </entityType>
<entityType xmlns="http://www.vordel.com/2005/06/24/entityStore" abstract="true" extends="LoadableModule" name="NamedLoadableModule">
        <constant name="_version" type="integer" value="0"/>
		<field cardinality="1" isKey="true" name="name" type="string"/>
	</entityType>
<entityType xmlns="http://www.vordel.com/2005/06/24/entityStore" extends="NamedLoadableModule" name="UserStore">
      <constant name="_version" type="integer" value="3"/>
      <constant name="class" type="string" value="com.vordel.store.user.UserStore"/>
      <constant name="loadorder" type="integer" value="150"/>
      <componentType cardinality="*" name="Identity"/>
    </entityType>
<entityType xmlns="http://www.vordel.com/2005/06/24/entityStore" abstract="true" extends="RootChild" name="NamedTopLevelGroup">
        <constant name="_version" type="integer" value="0"/>
		<field isKey="true" name="name" type="string"/>
	</entityType>
<entityType xmlns="http://www.vordel.com/2005/06/24/entityStore" extends="Entity" name="IdentityAttribute">
    <constant name="_version" type="integer" value="3"/>

    <field isKey="true" name="name" type="string"/>
    <field isKey="true" name="value" type="string"/>
    <field cardinality="1" default="String" name="type" type="string"/>
    <field cardinality="?" name="encryptedValue" type="encrypted"/>
  </entityType>
<entityType xmlns="http://www.vordel.com/2005/06/24/entityStore" extends="Entity" name="Identity">
	    <constant name="_version" type="integer" value="1"/>

		<componentType cardinality="*" name="IdentityAttribute"/>

    <field cardinality="1" isKey="true" name="name" type="string"/>
	</entityType>
<entityType xmlns="http://www.vordel.com/2005/06/24/entityStore" extends="Identity" name="Group">
      <constant name="_version" type="integer" value="2"/>
	<field cardinality="*" name="member" type="^Identity"/>
	</entityType>
<entityType xmlns="http://www.vordel.com/2005/06/24/entityStore" extends="Identity" name="User">
    <constant name="_version" type="integer" value="3"/>

    <field cardinality="1" name="password" type="encrypted"/>
    <field cardinality="?" name="certificate" type="^Certificate"/>
  </entityType>
<entityType xmlns="http://www.vordel.com/2005/06/24/entityStore" extends="Entity" name="Root">
  <componentType cardinality="*" name="RootChild"/>
  <field isKey="true" name="name" type="string"/>

  <!-- Used by the FileStore implementation, records the last time the store was written -->
  <field name="lastModificationTime" type="utctime"/>

  <!-- Used by the in-memory ad filestore implementations, records the next integer to use as a PK -->
  <field name="pkInc" type="integer"/>

  <!-- 
          Provide a user-extensible means to tag an individual store, that won't interfere with federated store 
      composition. If it's done in the root node, then there are no synchronization issues across stores in the
      federated context, as each store naturally has full control of its root node, with only the Primary Store's
      root being visible via the federated view.

          Provide a pair of multivalued string fields. It is up to the user to ensure that the contents are
      synchronized. One string list acts as the key, with the entry in the corresponding list at the same index giving
      the value for that key, e.g.
      
          tagName[0] = 'gitrev'
          tagName[0] = 'e39a0a77b92c5b82e5a662a7de0b33daeadfb170'
          
      equates to the mapping 'gitrev' -> 'e39a0a77b92c5b82e5a662a7de0b33daeadfb170'
  -->
  <field cardinality="*" name="tagName" type="string"/>
  <field cardinality="*" name="tagValue" type="string"/>
</entityType>
<entity xmlns="http://www.vordel.com/2005/06/24/entityStore"  xmlns:xsi="http://www.w3.org/2001/XMLSchema-instance" type="Root" entityPK="0">
	<fval name="name"><value>System Components</value></fval>
	<fval name="tagName"><value>gitrev</value></fval>
	<fval name="tagValue"><value>24727b2354117cb6453a54ea8a875e0cfde78b40</value></fval>
</entity>
<entity xmlns="http://www.vordel.com/2005/06/24/entityStore"  xmlns:xsi="http://www.w3.org/2001/XMLSchema-instance" type="UserStore" entityPK="5102408324788176816" parentPK="0">
	<fval name="name"><value>Default User Store</value></fval>
</entity>
<entity xmlns="http://www.vordel.com/2005/06/24/entityStore"  xmlns:xsi="http://www.w3.org/2001/XMLSchema-instance" type="User" entityPK="-4555132595947653679" parentPK="5102408324788176816">
	<fval name="certificate"><value contentType="reference">-1</value></fval>
	<fval name="name"><value>adminanalytics</value></fval>
	<fval name="password"><value>UEBzc3cwcmQ=</value></fval>
</entity>
<entity xmlns="http://www.vordel.com/2005/06/24/entityStore"  xmlns:xsi="http://www.w3.org/2001/XMLSchema-instance" type="User" entityPK="-4359782530909282033" parentPK="5102408324788176816">
	<fval name="certificate"><value contentType="reference">-1</value></fval>
	<fval name="name"><value>admin</value></fval>
	<fval name="password"><value>Y2hhbmdlbWU=</value></fval>
</entity>
<entity xmlns="http://www.vordel.com/2005/06/24/entityStore"  xmlns:xsi="http://www.w3.org/2001/XMLSchema-instance" type="User" entityPK="-3022181315429790211" parentPK="5102408324788176816">
	<fval name="certificate"><value contentType="reference">-1</value></fval>
	<fval name="name"><value>apireporting</value></fval>
	<fval name="password"><value>UEBzc3cwcmQwODE4</value></fval>
</entity>
<entity xmlns="http://www.vordel.com/2005/06/24/entityStore"  xmlns:xsi="http://www.w3.org/2001/XMLSchema-instance" type="ESConfiguration" entityPK="6996007634877928253" parentPK="0">
	<fval name="name"><value>Entity Store Configuration</value></fval>
	<fval name="passphraseTest"><value>aHR0cDsvL3d3dy52b3JkZWwuY29t</value></fval>
	<fval name="productKey"><value>VordelReporter</value></fval>
	<fval name="version"><value>7.7.0</value></fval>
</entity>
</entityStoreData>